#
# There is insufficient memory for the Java Runtime Environment to continue.
# Native memory allocation (mmap) failed to map 65536 bytes. Error detail: Failed to commit metaspace.
# Possible reasons:
#   The system is out of physical RAM or swap space
#   This process is running with CompressedOops enabled, and the Java Heap may be blocking the growth of the native heap
# Possible solutions:
#   Reduce memory load on the system
#   Increase physical memory or swap space
#   Check if swap backing store is full
#   Decrease Java heap size (-Xmx/-Xms)
#   Decrease number of Java threads
#   Decrease Java thread stack sizes (-Xss)
#   Set larger code cache with -XX:ReservedCodeCacheSize=
#   JVM is running with Unscaled Compressed Oops mode in which the Java heap is
#     placed in the first 4GB address space. The Java Heap base address is the
#     maximum limit for the native heap growth. Please use -XX:HeapBaseMinAddress
#     to set the Java Heap base and to place the Java Heap above 4GB virtual address.
# This output file may be truncated or incomplete.
#
#  Out of Memory Error (virtualSpaceNode.cpp:113), pid=1044, tid=12552
#
# JRE version: OpenJDK Runtime Environment (21.0.8) (build 21.0.8+-14196175-b1038.72)
# Java VM: OpenJDK 64-Bit Server VM (21.0.8+-14196175-b1038.72, mixed mode, tiered, compressed oops, compressed class ptrs, g1 gc, windows-amd64)
# No core dump will be written. Minidumps are not enabled by default on client versions of Windows
#

---------------  S U M M A R Y ------------

Command Line: --add-opens=java.base/java.lang=ALL-UNNAMED --add-opens=java.base/java.lang.invoke=ALL-UNNAMED --add-opens=java.base/java.util=ALL-UNNAMED --add-opens=java.prefs/java.util.prefs=ALL-UNNAMED --add-exports=jdk.compiler/com.sun.tools.javac.api=ALL-UNNAMED --add-exports=jdk.compiler/com.sun.tools.javac.util=ALL-UNNAMED --add-opens=java.base/java.util=ALL-UNNAMED --add-opens=java.prefs/java.util.prefs=ALL-UNNAMED --add-opens=java.base/java.nio.charset=ALL-UNNAMED --add-opens=java.base/java.net=ALL-UNNAMED --add-opens=java.base/java.util.concurrent.atomic=ALL-UNNAMED --add-opens=java.xml/javax.xml.namespace=ALL-UNNAMED -Xmx2048m -Dfile.encoding=UTF-8 -Duser.country=US -Duser.language=en -Duser.variant -javaagent:C:\Users\ASUS\.gradle\wrapper\dists\gradle-8.14-bin\38aieal9i53h9rfe7vjup95b9\gradle-8.14\lib\agents\gradle-instrumentation-agent-8.14.jar org.gradle.launcher.daemon.bootstrap.GradleDaemon 8.14

Host: 11th Gen Intel(R) Core(TM) i3-1115G4 @ 3.00GHz, 4 cores, 19G,  Windows 11 , 64 bit Build 26100 (10.0.26100.3575)
Time: Mon May 11 01:59:04 2026 India Standard Time elapsed time: 10.382296 seconds (0d 0h 0m 10s)

---------------  T H R E A D  ---------------

Current thread (0x000001ebc52a9760):  JavaThread "Daemon worker"        [_thread_in_vm, id=12552, stack(0x0000005ce7200000,0x0000005ce7300000) (1024K)]

Stack: [0x0000005ce7200000,0x0000005ce7300000]
Native frames: (J=compiled Java code, j=interpreted, Vv=VM code, C=native code)
V  [jvm.dll+0x6d68d9]
V  [jvm.dll+0x866693]
V  [jvm.dll+0x868c4e]
V  [jvm.dll+0x869333]
V  [jvm.dll+0x280566]
V  [jvm.dll+0x86155e]
V  [jvm.dll+0x679fd5]
V  [jvm.dll+0x1e45d1]
V  [jvm.dll+0x1e439e]
V  [jvm.dll+0x67c928]
V  [jvm.dll+0x67c762]
V  [jvm.dll+0x67a9ce]
V  [jvm.dll+0x6849f7]
V  [jvm.dll+0x21633c]
V  [jvm.dll+0x216885]
V  [jvm.dll+0x217266]
V  [jvm.dll+0x20c21a]
V  [jvm.dll+0x5b72a5]
V  [jvm.dll+0x7de6a3]
V  [jvm.dll+0x7de7eb]
V  [jvm.dll+0x4725b7]
V  [jvm.dll+0x477f08]
C  [java.dll+0x17ec]

Java frames: (J=compiled Java code, j=interpreted, Vv=VM code)
J 836  java.lang.ClassLoader.defineClass1(Ljava/lang/ClassLoader;Ljava/lang/String;[BIILjava/security/ProtectionDomain;Ljava/lang/String;)Ljava/lang/Class; java.base@21.0.8 (0 bytes) @ 0x000001ebb2ff9b89 [0x000001ebb2ff9ac0+0x00000000000000c9]
J 4086 c2 java.security.SecureClassLoader.defineClass(Ljava/lang/String;[BIILjava/security/CodeSource;)Ljava/lang/Class; java.base@21.0.8 (16 bytes) @ 0x000001ebb31bd904 [0x000001ebb31bd1e0+0x0000000000000724]
J 3866 c1 java.net.URLClassLoader.defineClass(Ljava/lang/String;Ljdk/internal/loader/Resource;)Ljava/lang/Class; java.base@21.0.8 (224 bytes) @ 0x000001ebab68199c [0x000001ebab680740+0x000000000000125c]
J 3844 c1 java.net.URLClassLoader$1.run()Ljava/lang/Class; java.base@21.0.8 (81 bytes) @ 0x000001ebabb74a6c [0x000001ebabb73e60+0x0000000000000c0c]
J 3514 c1 java.net.URLClassLoader$1.run()Ljava/lang/Object; java.base@21.0.8 (5 bytes) @ 0x000001ebab86a1bc [0x000001ebab86a140+0x000000000000007c]
J 2741 c2 java.security.AccessController.doPrivileged(Ljava/security/PrivilegedExceptionAction;Ljava/security/AccessControlContext;)Ljava/lang/Object; java.base@21.0.8 (26 bytes) @ 0x000001ebb30e7da0 [0x000001ebb30e7d40+0x0000000000000060]
J 3491 c1 java.net.URLClassLoader.findClass(Ljava/lang/String;)Ljava/lang/Class; java.base@21.0.8 (47 bytes) @ 0x000001ebab60ffbc [0x000001ebab60fe20+0x000000000000019c]
J 2886 c1 org.gradle.internal.classloader.TransformingClassLoader.findClass(Ljava/lang/String;)Ljava/lang/Class; (203 bytes) @ 0x000001ebaba6437c [0x000001ebaba633a0+0x0000000000000fdc]
J 3845 c2 java.lang.ClassLoader.loadClass(Ljava/lang/String;Z)Ljava/lang/Class; java.base@21.0.8 (121 bytes) @ 0x000001ebb31c2a54 [0x000001ebb31c1f60+0x0000000000000af4]
J 4635 c2 java.lang.ClassLoader.loadClass(Ljava/lang/String;)Ljava/lang/Class; java.base@21.0.8 (7 bytes) @ 0x000001ebb32231ec [0x000001ebb32231a0+0x000000000000004c]
v  ~StubRoutines::call_stub 0x000001ebb2a010e7
j  org.gradle.api.internal.attributes.matching.DefaultAttributeMatcher.<init>(Lorg/gradle/api/internal/attributes/matching/AttributeSelectionSchema;Lorg/gradle/internal/model/InMemoryCacheFactory;)V+12
j  org.gradle.api.internal.attributes.AttributeSchemaServices.createMatcher(Lorg/gradle/api/internal/attributes/immutable/ImmutableAttributesSchema;)Lorg/gradle/api/internal/attributes/matching/DefaultAttributeMatcher;+27
j  org.gradle.api.internal.attributes.AttributeSchemaServices$$Lambda+0x000000010075ea80.apply(Ljava/lang/Object;)Ljava/lang/Object;+8
j  org.gradle.internal.model.InMemoryCacheFactory$IdentityLoadingCache.lambda$new$0(Ljava/util/function/Function;Lorg/gradle/internal/model/InMemoryCacheFactory$IdentityKey;)Ljava/lang/Object;+5
j  org.gradle.internal.model.InMemoryCacheFactory$IdentityLoadingCache$$Lambda+0x0000000100756d40.apply(Ljava/lang/Object;)Ljava/lang/Object;+8
J 3822 c2 java.util.concurrent.ConcurrentHashMap.computeIfAbsent(Ljava/lang/Object;Ljava/util/function/Function;)Ljava/lang/Object; java.base@21.0.8 (576 bytes) @ 0x000001ebb31a78c0 [0x000001ebb31a7060+0x0000000000000860]
j  org.gradle.internal.model.InMemoryCacheFactory$DefaultLoadingCache.get(Ljava/lang/Object;)Ljava/lang/Object;+26
j  org.gradle.internal.model.InMemoryCacheFactory$IdentityLoadingCache.get(Ljava/lang/Object;)Ljava/lang/Object;+13
j  org.gradle.api.internal.attributes.AttributeSchemaServices.getMatcher(Lorg/gradle/api/internal/attributes/immutable/ImmutableAttributesSchema;Lorg/gradle/api/internal/attributes/immutable/ImmutableAttributesSchema;)Lorg/gradle/api/internal/attributes/matching/AttributeMatcher;+15
j  org.gradle.api.internal.artifacts.transform.AttributeMatchingArtifactVariantSelector.doSelect(Lorg/gradle/api/internal/artifacts/ivyservice/resolveengine/artifact/ResolvedVariantSet;Lorg/gradle/api/internal/attributes/ImmutableAttributes;Z)Lorg/gradle/api/internal/artifacts/ivyservice/resolveengine/artifact/ResolvedArtifactSet;+14
j  org.gradle.api.internal.artifacts.transform.AttributeMatchingArtifactVariantSelector.select(Lorg/gradle/api/internal/artifacts/ivyservice/resolveengine/artifact/ResolvedVariantSet;Lorg/gradle/api/internal/attributes/ImmutableAttributes;Z)Lorg/gradle/api/internal/artifacts/ivyservice/resolveengine/artifact/ResolvedArtifactSet;+4
j  org.gradle.api.internal.artifacts.ivyservice.resolveengine.artifact.LocalFileDependencyBackedArtifactSet.visit(Lorg/gradle/api/internal/artifacts/ivyservice/resolveengine/artifact/ResolvedArtifactSet$Visitor;)V+261
j  org.gradle.api.internal.artifacts.ivyservice.resolveengine.artifact.ParallelResolveArtifactSet$VisitingSet$StartVisitAction.execute(Lorg/gradle/internal/operations/BuildOperationQueue;)V+13
j  org.gradle.api.internal.artifacts.ivyservice.resolveengine.artifact.ParallelResolveArtifactSet$VisitingSet$StartVisitAction.execute(Ljava/lang/Object;)V+5
j  org.gradle.internal.operations.DefaultBuildOperationExecutor.executeInParallel(ZLorg/gradle/internal/operations/BuildOperationQueue$QueueWorker;Lorg/gradle/api/Action;Lorg/gradle/internal/operations/BuildOperationConstraint;)V+43
j  org.gradle.internal.operations.DefaultBuildOperationExecutor.runAll(Lorg/gradle/api/Action;Lorg/gradle/internal/operations/BuildOperationConstraint;)V+22
j  org.gradle.api.internal.artifacts.ivyservice.resolveengine.artifact.ParallelResolveArtifactSet$VisitingSet.visit(Lorg/gradle/api/internal/artifacts/ivyservice/resolveengine/artifact/ArtifactVisitor;)V+18
j  org.gradle.api.internal.artifacts.ivyservice.resolveengine.artifact.ResolvedArtifactSetResolver$1.run(Lorg/gradle/internal/operations/BuildOperationContext;)V+18
j  org.gradle.internal.operations.DefaultBuildOperationRunner$1.execute(Lorg/gradle/internal/operations/RunnableBuildOperation;Lorg/gradle/internal/operations/BuildOperationContext;)V+2
j  org.gradle.internal.operations.DefaultBuildOperationRunner$1.execute(Lorg/gradle/internal/operations/BuildOperation;Lorg/gradle/internal/operations/BuildOperationContext;)V+6
j  org.gradle.internal.operations.DefaultBuildOperationRunner$2.execute(Lorg/gradle/internal/operations/BuildOperationDescriptor;Lorg/gradle/internal/operations/BuildOperationState;Lorg/gradle/internal/operations/BuildOperationState;Lorg/gradle/internal/operations/DefaultBuildOperationRunner$ReadableBuildOperationContext;Lorg/gradle/internal/operations/DefaultBuildOperationRunner$BuildOperationExecutionListener;)Lorg/gradle/internal/operations/BuildOperation;+22
j  org.gradle.internal.operations.DefaultBuildOperationRunner$2.execute(Lorg/gradle/internal/operations/BuildOperationDescriptor;Lorg/gradle/internal/operations/BuildOperationState;Lorg/gradle/internal/operations/BuildOperationState;Lorg/gradle/internal/operations/DefaultBuildOperationRunner$ReadableBuildOperationContext;Lorg/gradle/internal/operations/DefaultBuildOperationRunner$BuildOperationExecutionListener;)Ljava/lang/Object;+8
j  org.gradle.internal.operations.DefaultBuildOperationRunner.execute(Lorg/gradle/internal/operations/BuildOperationDescriptor$Builder;Lorg/gradle/internal/operations/BuildOperationState;Lorg/gradle/internal/operations/DefaultBuildOperationRunner$BuildOperationExecution;)Ljava/lang/Object;+141
j  org.gradle.internal.operations.DefaultBuildOperationRunner.execute(Lorg/gradle/internal/operations/BuildOperation;Lorg/gradle/internal/operations/BuildOperationWorker;Lorg/gradle/internal/operations/BuildOperationState;)V+18
j  org.gradle.internal.operations.DefaultBuildOperationRunner.run(Lorg/gradle/internal/operations/RunnableBuildOperation;)V+9
j  org.gradle.api.internal.artifacts.ivyservice.resolveengine.artifact.ResolvedArtifactSetResolver.visitArtifacts(Lorg/gradle/api/internal/artifacts/ivyservice/resolveengine/artifact/ResolvedArtifactSet;Lorg/gradle/api/internal/artifacts/ivyservice/resolveengine/artifact/ArtifactVisitor;Lorg/gradle/api/internal/artifacts/configurations/ResolutionHost;)V+15
j  org.gradle.api.internal.artifacts.ivyservice.resolveengine.artifact.ResolvedArtifactSetResolver.lambda$visitInUnmanagedWorkerThread$0(Lorg/gradle/api/internal/artifacts/ivyservice/resolveengine/artifact/ResolvedArtifactSet;Lorg/gradle/api/internal/artifacts/ivyservice/resolveengine/artifact/ArtifactVisitor;Lorg/gradle/api/internal/artifacts/configurations/ResolutionHost;)V+4
j  org.gradle.api.internal.artifacts.ivyservice.resolveengine.artifact.ResolvedArtifactSetResolver$$Lambda+0x00000001008a4b00.run()V+16
j  org.gradle.internal.work.DefaultWorkerLeaseService.runAsUnmanagedWorkerThread(Ljava/lang/Runnable;)V+18
j  org.gradle.api.internal.artifacts.ivyservice.resolveengine.artifact.ResolvedArtifactSetResolver.visitInUnmanagedWorkerThread(Lorg/gradle/api/internal/artifacts/ivyservice/resolveengine/artifact/ResolvedArtifactSet;Lorg/gradle/api/internal/artifacts/ivyservice/resolveengine/artifact/ArtifactVisitor;Lorg/gradle/api/internal/artifacts/configurations/ResolutionHost;)V+13
j  org.gradle.api.internal.artifacts.ivyservice.resolveengine.artifact.DefaultSelectedArtifactSet.visitArtifacts(Lorg/gradle/api/internal/artifacts/ivyservice/resolveengine/artifact/ArtifactVisitor;Z)V+50
j  org.gradle.api.internal.artifacts.configurations.ResolutionResultProviderBackedSelectedArtifactSet.visitArtifacts(Lorg/gradle/api/internal/artifacts/ivyservice/resolveengine/artifact/ArtifactVisitor;Z)V+29
j  org.gradle.api.internal.artifacts.configurations.DefaultArtifactCollection.lambda$new$0(Lorg/gradle/api/internal/attributes/AttributeDesugaring;ZLorg/gradle/api/internal/artifacts/configurations/ResolutionHost;)Lorg/gradle/api/internal/artifacts/configurations/DefaultArtifactCollection$ArtifactSetResult;+20
j  org.gradle.api.internal.artifacts.configurations.DefaultArtifactCollection$$Lambda+0x0000000100892338.get()Ljava/lang/Object;+16
j  org.gradle.internal.model.CalculatedValueContainerFactory$SupplierBackedCalculator.calculateValue(Lorg/gradle/api/internal/tasks/NodeExecutionContext;)Ljava/lang/Object;+4
j  org.gradle.internal.model.CalculatedValueContainer$CalculationState.lambda$attachValue$0(Lorg/gradle/api/internal/tasks/NodeExecutionContext;)Ljava/lang/Object;+23
j  org.gradle.internal.model.CalculatedValueContainer$CalculationState$$Lambda+0x0000000100874f20.call()Ljava/lang/Object;+8
j  org.gradle.internal.Try.ofFailable(Ljava/util/concurrent/Callable;)Lorg/gradle/internal/Try;+1
j  org.gradle.internal.model.CalculatedValueContainer$CalculationState.attachValue(Lorg/gradle/internal/model/CalculatedValueContainer;Lorg/gradle/api/internal/tasks/NodeExecutionContext;)V+29
j  org.gradle.internal.model.CalculatedValueContainer.finalizeIfNotAlready(Lorg/gradle/api/internal/tasks/NodeExecutionContext;)V+13
j  org.gradle.internal.model.CalculatedValueContainer.finalizeIfNotAlready()V+2
j  org.gradle.api.internal.artifacts.configurations.DefaultArtifactCollection.ensureResolved()V+4
j  org.gradle.api.internal.artifacts.configurations.DefaultArtifactCollection.getArtifacts()Ljava/util/Set;+1
j  org.gradle.api.internal.initialization.transform.utils.InstrumentationClasspathMerger.mergeToClasspath(Lorg/gradle/api/artifacts/ArtifactCollection;Lorg/gradle/api/artifacts/ArtifactCollection;Lorg/gradle/api/artifacts/ArtifactCollection;)Ljava/util/Map;+1
j  org.gradle.api.internal.initialization.DefaultScriptClassPathResolver.resolveClassPath(Lorg/gradle/api/artifacts/Configuration;Lorg/gradle/api/internal/initialization/ScriptClassPathResolutionContext;)Lorg/gradle/internal/classpath/ClassPath;+82
j  org.gradle.api.internal.initialization.DefaultBuildLogicBuilder.lambda$resolveClassPath$0(Lorg/gradle/api/artifacts/Configuration;Lorg/gradle/api/internal/initialization/ScriptClassPathResolutionContext;)Lorg/gradle/internal/classpath/ClassPath;+6
j  org.gradle.api.internal.initialization.DefaultBuildLogicBuilder$$Lambda+0x0000000100895080.get()Ljava/lang/Object;+12
j  org.gradle.api.internal.initialization.DefaultBuildLogicBuildQueue.build(Lorg/gradle/internal/build/BuildState;Ljava/util/List;Ljava/util/function/Supplier;)Ljava/lang/Object;+10
j  org.gradle.api.internal.initialization.DefaultBuildLogicBuilder.resolveClassPath(Lorg/gradle/api/artifacts/Configuration;Lorg/gradle/api/internal/initialization/ScriptClassPathResolutionContext;)Lorg/gradle/internal/classpath/ClassPath;+21
j  org.gradle.api.internal.initialization.DefaultScriptHandler.lambda$getInstrumentedScriptClassPath$0()Lorg/gradle/internal/classpath/ClassPath;+12
j  org.gradle.api.internal.initialization.DefaultScriptHandler$$Lambda+0x0000000100863258.create()Ljava/lang/Object;+4
j  org.gradle.api.internal.artifacts.configurations.DefaultConfiguration.callAndResetResolutionState(Lorg/gradle/internal/Factory;)Ljava/lang/Object;+28
j  org.gradle.api.internal.initialization.DefaultScriptHandler.getInstrumentedScriptClassPath()Lorg/gradle/internal/classpath/ClassPath;+54
j  org.gradle.plugin.use.internal.DefaultPluginRequestApplicator.applyPlugins(Lorg/gradle/plugin/management/internal/PluginRequests;Lorg/gradle/api/internal/initialization/ScriptHandlerInternal;Lorg/gradle/api/internal/plugins/PluginManagerInternal;Lorg/gradle/api/internal/initialization/ClassLoaderScope;)V+16
j  org.gradle.configuration.DefaultScriptPluginFactory$ScriptPluginImpl.apply(Ljava/lang/Object;)V+174
j  org.gradle.configuration.BuildOperationScriptPlugin$1.run(Lorg/gradle/internal/operations/BuildOperationContext;)V+11
j  org.gradle.internal.operations.DefaultBuildOperationRunner$1.execute(Lorg/gradle/internal/operations/RunnableBuildOperation;Lorg/gradle/internal/operations/BuildOperationContext;)V+2
j  org.gradle.internal.operations.DefaultBuildOperationRunner$1.execute(Lorg/gradle/internal/operations/BuildOperation;Lorg/gradle/internal/operations/BuildOperationContext;)V+6
j  org.gradle.internal.operations.DefaultBuildOperationRunner$2.execute(Lorg/gradle/internal/operations/BuildOperationDescriptor;Lorg/gradle/internal/operations/BuildOperationState;Lorg/gradle/internal/operations/BuildOperationState;Lorg/gradle/internal/operations/DefaultBuildOperationRunner$ReadableBuildOperationContext;Lorg/gradle/internal/operations/DefaultBuildOperationRunner$BuildOperationExecutionListener;)Lorg/gradle/internal/operations/BuildOperation;+22
j  org.gradle.internal.operations.DefaultBuildOperationRunner$2.execute(Lorg/gradle/internal/operations/BuildOperationDescriptor;Lorg/gradle/internal/operations/BuildOperationState;Lorg/gradle/internal/operations/BuildOperationState;Lorg/gradle/internal/operations/DefaultBuildOperationRunner$ReadableBuildOperationContext;Lorg/gradle/internal/operations/DefaultBuildOperationRunner$BuildOperationExecutionListener;)Ljava/lang/Object;+8
j  org.gradle.internal.operations.DefaultBuildOperationRunner.execute(Lorg/gradle/internal/operations/BuildOperationDescriptor$Builder;Lorg/gradle/internal/operations/BuildOperationState;Lorg/gradle/internal/operations/DefaultBuildOperationRunner$BuildOperationExecution;)Ljava/lang/Object;+141
j  org.gradle.internal.operations.DefaultBuildOperationRunner.execute(Lorg/gradle/internal/operations/BuildOperation;Lorg/gradle/internal/operations/BuildOperationWorker;Lorg/gradle/internal/operations/BuildOperationState;)V+18
j  org.gradle.internal.operations.DefaultBuildOperationRunner.run(Lorg/gradle/internal/operations/RunnableBuildOperation;)V+9
j  org.gradle.configuration.BuildOperationScriptPlugin.lambda$apply$0(Ljava/lang/Object;Lorg/gradle/internal/code/UserCodeApplicationId;)V+14
j  org.gradle.configuration.BuildOperationScriptPlugin$$Lambda+0x00000001005f3088.execute(Ljava/lang/Object;)V+12
j  org.gradle.internal.code.DefaultUserCodeApplicationContext.apply(Lorg/gradle/internal/code/UserCodeSource;Lorg/gradle/api/Action;)V+37
j  org.gradle.configuration.BuildOperationScriptPlugin.apply(Ljava/lang/Object;)V+71
j  org.gradle.configuration.DefaultInitScriptProcessor.process(Lorg/gradle/groovy/scripts/ScriptSource;Lorg/gradle/api/internal/GradleInternal;)V+123
j  org.gradle.initialization.InitScriptHandler$1.run(Lorg/gradle/internal/operations/BuildOperationContext;)V+66
j  org.gradle.internal.operations.DefaultBuildOperationRunner$1.execute(Lorg/gradle/internal/operations/RunnableBuildOperation;Lorg/gradle/internal/operations/BuildOperationContext;)V+2
j  org.gradle.internal.operations.DefaultBuildOperationRunner$1.execute(Lorg/gradle/internal/operations/BuildOperation;Lorg/gradle/internal/operations/BuildOperationContext;)V+6
j  org.gradle.internal.operations.DefaultBuildOperationRunner$2.execute(Lorg/gradle/internal/operations/BuildOperationDescriptor;Lorg/gradle/internal/operations/BuildOperationState;Lorg/gradle/internal/operations/BuildOperationState;Lorg/gradle/internal/operations/DefaultBuildOperationRunner$ReadableBuildOperationContext;Lorg/gradle/internal/operations/DefaultBuildOperationRunner$BuildOperationExecutionListener;)Lorg/gradle/internal/operations/BuildOperation;+22
j  org.gradle.internal.operations.DefaultBuildOperationRunner$2.execute(Lorg/gradle/internal/operations/BuildOperationDescriptor;Lorg/gradle/internal/operations/BuildOperationState;Lorg/gradle/internal/operations/BuildOperationState;Lorg/gradle/internal/operations/DefaultBuildOperationRunner$ReadableBuildOperationContext;Lorg/gradle/internal/operations/DefaultBuildOperationRunner$BuildOperationExecutionListener;)Ljava/lang/Object;+8
j  org.gradle.internal.operations.DefaultBuildOperationRunner.execute(Lorg/gradle/internal/operations/BuildOperationDescriptor$Builder;Lorg/gradle/internal/operations/BuildOperationState;Lorg/gradle/internal/operations/DefaultBuildOperationRunner$BuildOperationExecution;)Ljava/lang/Object;+141
j  org.gradle.internal.operations.DefaultBuildOperationRunner.execute(Lorg/gradle/internal/operations/BuildOperation;Lorg/gradle/internal/operations/BuildOperationWorker;Lorg/gradle/internal/operations/BuildOperationState;)V+18
j  org.gradle.internal.operations.DefaultBuildOperationRunner.run(Lorg/gradle/internal/operations/RunnableBuildOperation;)V+9
j  org.gradle.initialization.InitScriptHandler.executeScripts(Lorg/gradle/api/internal/GradleInternal;)V+34
j  org.gradle.initialization.InitScriptHandlingSettingsLoader.findAndLoadSettings(Lorg/gradle/api/internal/GradleInternal;)Lorg/gradle/initialization/SettingsState;+5
j  org.gradle.api.internal.initialization.CacheConfigurationsHandlingSettingsLoader.findAndLoadSettings(Lorg/gradle/api/internal/GradleInternal;)Lorg/gradle/initialization/SettingsState;+15
j  org.gradle.initialization.GradlePropertiesHandlingSettingsLoader.findAndLoadSettings(Lorg/gradle/api/internal/GradleInternal;)Lorg/gradle/initialization/SettingsState;+40
j  org.gradle.initialization.DefaultSettingsPreparer.prepareSettings(Lorg/gradle/api/internal/GradleInternal;)V+33
j  org.gradle.initialization.BuildOperationFiringSettingsPreparer$LoadBuild.doLoadBuild()V+11
j  org.gradle.initialization.BuildOperationFiringSettingsPreparer$LoadBuild.run(Lorg/gradle/internal/operations/BuildOperationContext;)V+1
j  org.gradle.internal.operations.DefaultBuildOperationRunner$1.execute(Lorg/gradle/internal/operations/RunnableBuildOperation;Lorg/gradle/internal/operations/BuildOperationContext;)V+2
j  org.gradle.internal.operations.DefaultBuildOperationRunner$1.execute(Lorg/gradle/internal/operations/BuildOperation;Lorg/gradle/internal/operations/BuildOperationContext;)V+6
j  org.gradle.internal.operations.DefaultBuildOperationRunner$2.execute(Lorg/gradle/internal/operations/BuildOperationDescriptor;Lorg/gradle/internal/operations/BuildOperationState;Lorg/gradle/internal/operations/BuildOperationState;Lorg/gradle/internal/operations/DefaultBuildOperationRunner$ReadableBuildOperationContext;Lorg/gradle/internal/operations/DefaultBuildOperationRunner$BuildOperationExecutionListener;)Lorg/gradle/internal/operations/BuildOperation;+22
j  org.gradle.internal.operations.DefaultBuildOperationRunner$2.execute(Lorg/gradle/internal/operations/BuildOperationDescriptor;Lorg/gradle/internal/operations/BuildOperationState;Lorg/gradle/internal/operations/BuildOperationState;Lorg/gradle/internal/operations/DefaultBuildOperationRunner$ReadableBuildOperationContext;Lorg/gradle/internal/operations/DefaultBuildOperationRunner$BuildOperationExecutionListener;)Ljava/lang/Object;+8
j  org.gradle.internal.operations.DefaultBuildOperationRunner.execute(Lorg/gradle/internal/operations/BuildOperationDescriptor$Builder;Lorg/gradle/internal/operations/BuildOperationState;Lorg/gradle/internal/operations/DefaultBuildOperationRunner$BuildOperationExecution;)Ljava/lang/Object;+141
j  org.gradle.internal.operations.DefaultBuildOperationRunner.execute(Lorg/gradle/internal/operations/BuildOperation;Lorg/gradle/internal/operations/BuildOperationWorker;Lorg/gradle/internal/operations/BuildOperationState;)V+18
j  org.gradle.internal.operations.DefaultBuildOperationRunner.run(Lorg/gradle/internal/operations/RunnableBuildOperation;)V+9
j  org.gradle.initialization.BuildOperationFiringSettingsPreparer.prepareSettings(Lorg/gradle/api/internal/GradleInternal;)V+31
j  org.gradle.initialization.VintageBuildModelController.lambda$prepareSettings$1()V+8
j  org.gradle.initialization.VintageBuildModelController$$Lambda+0x00000001005c2228.run()V+4
j  org.gradle.internal.model.StateTransitionController.lambda$doTransition$14(Ljava/lang/Runnable;)Lorg/gradle/internal/build/ExecutionResult;+1
j  org.gradle.internal.model.StateTransitionController$$Lambda+0x00000001005c26d8.get()Ljava/lang/Object;+4
j  org.gradle.internal.model.StateTransitionController.doTransition(Lorg/gradle/internal/model/StateTransitionController$State;Lorg/gradle/internal/model/StateTransitionController$State;Ljava/util/function/Supplier;)Lorg/gradle/internal/build/ExecutionResult;+24
j  org.gradle.internal.model.StateTransitionController.doTransition(Lorg/gradle/internal/model/StateTransitionController$State;Lorg/gradle/internal/model/StateTransitionController$State;Ljava/lang/Runnable;)V+9
j  org.gradle.internal.model.StateTransitionController.lambda$transitionIfNotPreviously$11(Lorg/gradle/internal/model/StateTransitionController$State;Lorg/gradle/internal/model/StateTransitionController$State;Ljava/lang/Runnable;)V+16
j  org.gradle.internal.model.StateTransitionController$$Lambda+0x00000001005c2480.run()V+16
j  org.gradle.internal.work.DefaultSynchronizer.withLock(Ljava/lang/Runnable;)V+6
j  org.gradle.internal.model.StateTransitionController.transitionIfNotPreviously(Lorg/gradle/internal/model/StateTransitionController$State;Lorg/gradle/internal/model/StateTransitionController$State;Ljava/lang/Runnable;)V+13
j  org.gradle.initialization.VintageBuildModelController.prepareSettings()V+16
j  org.gradle.initialization.VintageBuildModelController.getLoadedSettings()Lorg/gradle/api/internal/SettingsInternal;+1
j  org.gradle.internal.build.DefaultBuildLifecycleController$$Lambda+0x00000001005c1d78.get()Ljava/lang/Object;+4
j  org.gradle.internal.model.StateTransitionController.lambda$notInState$3(Lorg/gradle/internal/model/StateTransitionController$State;Ljava/util/function/Supplier;)Ljava/lang/Object;+11
j  org.gradle.internal.model.StateTransitionController$$Lambda+0x00000001005c1fd0.create()Ljava/lang/Object;+12
j  org.gradle.internal.work.DefaultSynchronizer.withLock(Lorg/gradle/internal/Factory;)Ljava/lang/Object;+6
j  org.gradle.internal.model.StateTransitionController.notInState(Lorg/gradle/internal/model/StateTransitionController$State;Ljava/util/function/Supplier;)Ljava/lang/Object;+12
j  org.gradle.internal.build.DefaultBuildLifecycleController.loadSettings()V+21
j  org.gradle.internal.build.AbstractBuildState.ensureProjectsLoaded()V+4
j  org.gradle.plugins.ide.internal.tooling.GradleBuildBuilder.create(Lorg/gradle/internal/build/BuildState;)Lorg/gradle/plugins/ide/internal/tooling/model/DefaultGradleBuild;+1
j  org.gradle.plugins.ide.internal.tooling.GradleBuildBuilder.create(Lorg/gradle/internal/build/BuildState;)Ljava/lang/Object;+2
j  org.gradle.tooling.provider.model.internal.DefaultToolingModelBuilderRegistry$BuildScopedBuilder.build(Ljava/lang/Object;)Ljava/lang/Object;+8
j  org.gradle.tooling.provider.model.internal.DefaultToolingModelBuilderRegistry$BuildOperationWrappingBuilder$1.call(Lorg/gradle/internal/operations/BuildOperationContext;)Ljava/lang/Object;+11
j  org.gradle.internal.operations.DefaultBuildOperationRunner$CallableBuildOperationWorker.execute(Lorg/gradle/internal/operations/CallableBuildOperation;Lorg/gradle/internal/operations/BuildOperationContext;)V+3
j  org.gradle.internal.operations.DefaultBuildOperationRunner$CallableBuildOperationWorker.execute(Lorg/gradle/internal/operations/BuildOperation;Lorg/gradle/internal/operations/BuildOperationContext;)V+6
j  org.gradle.internal.operations.DefaultBuildOperationRunner$2.execute(Lorg/gradle/internal/operations/BuildOperationDescriptor;Lorg/gradle/internal/operations/BuildOperationState;Lorg/gradle/internal/operations/BuildOperationState;Lorg/gradle/internal/operations/DefaultBuildOperationRunner$ReadableBuildOperationContext;Lorg/gradle/internal/operations/DefaultBuildOperationRunner$BuildOperationExecutionListener;)Lorg/gradle/internal/operations/BuildOperation;+22
j  org.gradle.internal.operations.DefaultBuildOperationRunner$2.execute(Lorg/gradle/internal/operations/BuildOperationDescriptor;Lorg/gradle/internal/operations/BuildOperationState;Lorg/gradle/internal/operations/BuildOperationState;Lorg/gradle/internal/operations/DefaultBuildOperationRunner$ReadableBuildOperationContext;Lorg/gradle/internal/operations/DefaultBuildOperationRunner$BuildOperationExecutionListener;)Ljava/lang/Object;+8
j  org.gradle.internal.operations.DefaultBuildOperationRunner.execute(Lorg/gradle/internal/operations/BuildOperationDescriptor$Builder;Lorg/gradle/internal/operations/BuildOperationState;Lorg/gradle/internal/operations/DefaultBuildOperationRunner$BuildOperationExecution;)Ljava/lang/Object;+141
j  org.gradle.internal.operations.DefaultBuildOperationRunner.execute(Lorg/gradle/internal/operations/BuildOperation;Lorg/gradle/internal/operations/BuildOperationWorker;Lorg/gradle/internal/operations/BuildOperationState;)V+18
j  org.gradle.internal.operations.DefaultBuildOperationRunner.call(Lorg/gradle/internal/operations/CallableBuildOperation;)Ljava/lang/Object;+16
j  org.gradle.tooling.provider.model.internal.DefaultToolingModelBuilderRegistry$BuildOperationWrappingBuilder.build(Ljava/lang/Object;)Ljava/lang/Object;+13
j  org.gradle.internal.build.DefaultBuildToolingModelController$AbstractToolingScope.getModel(Ljava/lang/String;Lorg/gradle/tooling/provider/model/internal/ToolingModelParameterCarrier;)Ljava/lang/Object;+11
j  org.gradle.internal.buildtree.DefaultBuildTreeModelCreator$DefaultBuildTreeModelController.getModelForScope(Lorg/gradle/tooling/provider/model/internal/ToolingModelScope;Ljava/lang/String;Ljava/lang/Object;)Ljava/lang/Object;+7
j  org.gradle.internal.buildtree.DefaultBuildTreeModelCreator$DefaultBuildTreeModelController.access$300(Lorg/gradle/internal/buildtree/DefaultBuildTreeModelCreator$DefaultBuildTreeModelController;Lorg/gradle/tooling/provider/model/internal/ToolingModelScope;Ljava/lang/String;Ljava/lang/Object;)Ljava/lang/Object;+4
j  org.gradle.internal.buildtree.DefaultBuildTreeModelCreator$DefaultBuildTreeModelController$1.call(Lorg/gradle/internal/operations/BuildOperationContext;)Ljava/lang/Object;+41
j  org.gradle.internal.operations.DefaultBuildOperationRunner$CallableBuildOperationWorker.execute(Lorg/gradle/internal/operations/CallableBuildOperation;Lorg/gradle/internal/operations/BuildOperationContext;)V+3
j  org.gradle.internal.operations.DefaultBuildOperationRunner$CallableBuildOperationWorker.execute(Lorg/gradle/internal/operations/BuildOperation;Lorg/gradle/internal/operations/BuildOperationContext;)V+6
j  org.gradle.internal.operations.DefaultBuildOperationRunner$2.execute(Lorg/gradle/internal/operations/BuildOperationDescriptor;Lorg/gradle/internal/operations/BuildOperationState;Lorg/gradle/internal/operations/BuildOperationState;Lorg/gradle/internal/operations/DefaultBuildOperationRunner$ReadableBuildOperationContext;Lorg/gradle/internal/operations/DefaultBuildOperationRunner$BuildOperationExecutionListener;)Lorg/gradle/internal/operations/BuildOperation;+22
j  org.gradle.internal.operations.DefaultBuildOperationRunner$2.execute(Lorg/gradle/internal/operations/BuildOperationDescriptor;Lorg/gradle/internal/operations/BuildOperationState;Lorg/gradle/internal/operations/BuildOperationState;Lorg/gradle/internal/operations/DefaultBuildOperationRunner$ReadableBuildOperationContext;Lorg/gradle/internal/operations/DefaultBuildOperationRunner$BuildOperationExecutionListener;)Ljava/lang/Object;+8
j  org.gradle.internal.operations.DefaultBuildOperationRunner.execute(Lorg/gradle/internal/operations/BuildOperationDescriptor$Builder;Lorg/gradle/internal/operations/BuildOperationState;Lorg/gradle/internal/operations/DefaultBuildOperationRunner$BuildOperationExecution;)Ljava/lang/Object;+141
j  org.gradle.internal.operations.DefaultBuildOperationRunner.execute(Lorg/gradle/internal/operations/BuildOperation;Lorg/gradle/internal/operations/BuildOperationWorker;Lorg/gradle/internal/operations/BuildOperationState;)V+18
j  org.gradle.internal.operations.DefaultBuildOperationRunner.call(Lorg/gradle/internal/operations/CallableBuildOperation;)Ljava/lang/Object;+16
j  org.gradle.internal.buildtree.DefaultBuildTreeModelCreator$DefaultBuildTreeModelController.getModel(Lorg/gradle/internal/buildtree/BuildTreeModelTarget;Ljava/lang/String;Ljava/lang/Object;)Ljava/lang/Object;+18
j  org.gradle.tooling.internal.provider.runner.DefaultBuildController.getModel(Ljava/lang/Object;Lorg/gradle/tooling/internal/protocol/ModelIdentifier;Ljava/lang/Object;)Lorg/gradle/tooling/internal/protocol/BuildResult;+61
j  org.gradle.tooling.internal.consumer.connection.ParameterAwareBuildControllerAdapter.getModel(Ljava/lang/Object;Lorg/gradle/tooling/internal/protocol/ModelIdentifier;Ljava/lang/Object;)Lorg/gradle/tooling/internal/protocol/BuildResult;+7
j  org.gradle.tooling.internal.consumer.connection.UnparameterizedBuildController.getModel(Lorg/gradle/tooling/model/Model;Ljava/lang/Class;Ljava/lang/Class;Lorg/gradle/api/Action;)Ljava/lang/Object;+44
j  org.gradle.tooling.internal.consumer.connection.NestedActionAwareBuildControllerAdapter.getModel(Lorg/gradle/tooling/model/Model;Ljava/lang/Class;Ljava/lang/Class;Lorg/gradle/api/Action;)Ljava/lang/Object;+6
j  org.gradle.tooling.internal.consumer.connection.UnparameterizedBuildController.getModel(Lorg/gradle/tooling/model/Model;Ljava/lang/Class;)Ljava/lang/Object;+5
j  org.gradle.tooling.internal.consumer.connection.NestedActionAwareBuildControllerAdapter.getModel(Lorg/gradle/tooling/model/Model;Ljava/lang/Class;)Ljava/lang/Object;+3
j  org.gradle.tooling.internal.consumer.connection.UnparameterizedBuildController.getBuildModel()Lorg/gradle/tooling/model/gradle/GradleBuild;+4
j  org.gradle.tooling.internal.consumer.connection.NestedActionAwareBuildControllerAdapter.getBuildModel()Lorg/gradle/tooling/model/gradle/GradleBuild;+1
j  com.intellij.gradle.toolingExtension.impl.modelAction.GradleModelFetchAction.lambda$initAction$7(Lorg/gradle/tooling/BuildController;Lio/opentelemetry/api/trace/Span;)Lorg/gradle/tooling/model/gradle/GradleBuild;+1
j  com.intellij.gradle.toolingExtension.impl.modelAction.GradleModelFetchAction$$Lambda+0x00000001005a2878.apply(Ljava/lang/Object;)Ljava/lang/Object;+8
j  com.intellij.gradle.toolingExtension.impl.telemetry.GradleOpenTelemetry.callWithSpan(Ljava/lang/String;Ljava/util/function/Consumer;Ljava/util/function/Function;)Ljava/lang/Object;+66
j  com.intellij.gradle.toolingExtension.impl.telemetry.GradleOpenTelemetry.callWithSpan(Ljava/lang/String;Ljava/util/function/Function;)Ljava/lang/Object;+24
j  com.intellij.gradle.toolingExtension.impl.modelAction.GradleModelFetchAction.initAction(Lorg/gradle/tooling/BuildController;Ljava/util/concurrent/ExecutorService;Lcom/intellij/gradle/toolingExtension/impl/telemetry/GradleOpenTelemetry;Lorg/gradle/util/GradleVersion;)Lcom/intellij/gradle/toolingExtension/impl/modelAction/GradleDaemonModelHolder;+45
j  com.intellij.gradle.toolingExtension.impl.modelAction.GradleModelFetchAction.lambda$doExecute$4(Lorg/gradle/tooling/BuildController;Ljava/util/concurrent/ExecutorService;Lcom/intellij/gradle/toolingExtension/impl/telemetry/GradleOpenTelemetry;Lio/opentelemetry/api/trace/Span;)Lcom/intellij/gradle/toolingExtension/impl/modelAction/GradleDaemonModelHolder;+7
j  com.intellij.gradle.toolingExtension.impl.modelAction.GradleModelFetchAction$$Lambda+0x00000001005a1a30.apply(Ljava/lang/Object;)Ljava/lang/Object;+20
j  com.intellij.gradle.toolingExtension.impl.telemetry.GradleOpenTelemetry.callWithSpan(Ljava/lang/String;Ljava/util/function/Consumer;Ljava/util/function/Function;)Ljava/lang/Object;+66
j  com.intellij.gradle.toolingExtension.impl.telemetry.GradleOpenTelemetry.callWithSpan(Ljava/lang/String;Ljava/util/function/Function;)Ljava/lang/Object;+24
j  com.intellij.gradle.toolingExtension.impl.modelAction.GradleModelFetchAction.doExecute(Lorg/gradle/tooling/BuildController;Ljava/util/concurrent/ExecutorService;Lcom/intellij/gradle/toolingExtension/impl/telemetry/GradleOpenTelemetry;)Lcom/intellij/gradle/toolingExtension/impl/modelAction/GradleModelHolderState;+77
j  com.intellij.gradle.toolingExtension.impl.modelAction.GradleModelFetchAction.lambda$execute$1(Lorg/gradle/tooling/BuildController;Ljava/util/concurrent/ExecutorService;Lcom/intellij/gradle/toolingExtension/impl/telemetry/GradleOpenTelemetry;Lio/opentelemetry/api/trace/Span;)Lcom/intellij/gradle/toolingExtension/impl/modelAction/GradleModelHolderState;+4
j  com.intellij.gradle.toolingExtension.impl.modelAction.GradleModelFetchAction$$Lambda+0x000000010059f9e8.apply(Ljava/lang/Object;)Ljava/lang/Object;+20
j  com.intellij.gradle.toolingExtension.impl.telemetry.GradleOpenTelemetry.callWithSpan(Ljava/lang/String;Ljava/util/function/Consumer;Ljava/util/function/Function;)Ljava/lang/Object;+66
j  com.intellij.gradle.toolingExtension.impl.telemetry.GradleOpenTelemetry.callWithSpan(Ljava/lang/String;Ljava/util/function/Function;)Ljava/lang/Object;+24
j  com.intellij.gradle.toolingExtension.impl.modelAction.GradleModelFetchAction.lambda$execute$2(Lorg/gradle/tooling/BuildController;Ljava/util/concurrent/ExecutorService;Lcom/intellij/gradle/toolingExtension/impl/telemetry/GradleOpenTelemetry;)Lcom/intellij/gradle/toolingExtension/impl/modelAction/GradleModelHolderState;+13
j  com.intellij.gradle.toolingExtension.impl.modelAction.GradleModelFetchAction$$Lambda+0x0000000100599040.apply(Ljava/lang/Object;)Ljava/lang/Object;+16
j  com.intellij.gradle.toolingExtension.impl.modelAction.GradleModelFetchAction.withOpenTelemetry(Ljava/util/function/Function;)Lcom/intellij/gradle/toolingExtension/impl/modelAction/GradleModelHolderState;+19
j  com.intellij.gradle.toolingExtension.impl.modelAction.GradleModelFetchAction.lambda$execute$3(Lorg/gradle/tooling/BuildController;Ljava/util/concurrent/ExecutorService;)Lcom/intellij/gradle/toolingExtension/impl/modelAction/GradleModelHolderState;+8
j  com.intellij.gradle.toolingExtension.impl.modelAction.GradleModelFetchAction$$Lambda+0x0000000100598938.apply(Ljava/lang/Object;)Ljava/lang/Object;+12
j  com.intellij.gradle.toolingExtension.impl.util.GradleExecutorServiceUtil.withSingleThreadExecutor(Ljava/lang/String;Ljava/util/function/Function;)Ljava/lang/Object;+31
j  com.intellij.gradle.toolingExtension.impl.modelAction.GradleModelFetchAction.execute(Lorg/gradle/tooling/BuildController;)Lcom/intellij/gradle/toolingExtension/impl/modelAction/GradleModelHolderState;+22
j  com.intellij.gradle.toolingExtension.impl.modelAction.GradleModelFetchAction.execute(Lorg/gradle/tooling/BuildController;)Ljava/lang/Object;+2
j  org.gradle.tooling.internal.consumer.connection.InternalBuildActionAdapter.execute(Lorg/gradle/tooling/internal/protocol/InternalBuildControllerVersion2;)Ljava/lang/Object;+11
j  org.gradle.tooling.internal.provider.runner.AbstractClientProvidedBuildActionRunner$ActionAdapter.executeAction(Ljava/lang/Object;Lorg/gradle/tooling/internal/provider/runner/DefaultBuildController;)Ljava/lang/Object;+12
j  org.gradle.tooling.internal.provider.runner.AbstractClientProvidedBuildActionRunner$ActionAdapter.runAction(Lorg/gradle/internal/buildtree/BuildTreeModelController;Ljava/lang/Object;Lorg/gradle/tooling/internal/protocol/PhasedActionResult$Phase;)V+29
j  org.gradle.tooling.internal.provider.runner.AbstractClientProvidedBuildActionRunner$ActionAdapter.beforeTasks(Lorg/gradle/internal/buildtree/BuildTreeModelController;)V+14
j  org.gradle.internal.buildtree.DefaultBuildTreeModelCreator.beforeTasks(Lorg/gradle/internal/buildtree/BuildTreeModelAction;)V+10
j  org.gradle.internal.buildtree.DefaultBuildTreeLifecycleController.lambda$fromBuildModel$2(Lorg/gradle/internal/buildtree/BuildTreeModelAction;Z)Lorg/gradle/internal/build/ExecutionResult;+5
j  org.gradle.internal.buildtree.DefaultBuildTreeLifecycleController$$Lambda+0x0000000100574b68.get()Ljava/lang/Object;+12
j  org.gradle.internal.buildtree.DefaultBuildTreeLifecycleController.lambda$runBuild$4(Ljava/util/function/Supplier;)Ljava/lang/Object;+1
j  org.gradle.internal.buildtree.DefaultBuildTreeLifecycleController$$Lambda+0x0000000100574dc0.get()Ljava/lang/Object;+8
j  org.gradle.internal.model.StateTransitionController.lambda$transition$6(Ljava/util/function/Supplier;)Lorg/gradle/internal/build/ExecutionResult;+1
j  org.gradle.internal.model.StateTransitionController$$Lambda+0x0000000100575270.get()Ljava/lang/Object;+4
j  org.gradle.internal.model.StateTransitionController.doTransition(Lorg/gradle/internal/model/StateTransitionController$State;Lorg/gradle/internal/model/StateTransitionController$State;Ljava/util/function/Supplier;)Lorg/gradle/internal/build/ExecutionResult;+24
j  org.gradle.internal.model.StateTransitionController.lambda$transition$7(Lorg/gradle/internal/model/StateTransitionController$State;Lorg/gradle/internal/model/StateTransitionController$State;Ljava/util/function/Supplier;)Ljava/lang/Object;+9
j  org.gradle.internal.model.StateTransitionController$$Lambda+0x0000000100575018.create()Ljava/lang/Object;+16
j  org.gradle.internal.work.DefaultSynchronizer.withLock(Lorg/gradle/internal/Factory;)Ljava/lang/Object;+6
j  org.gradle.internal.model.StateTransitionController.transition(Lorg/gradle/internal/model/StateTransitionController$State;Lorg/gradle/internal/model/StateTransitionController$State;Ljava/util/function/Supplier;)Ljava/lang/Object;+13
j  org.gradle.internal.buildtree.DefaultBuildTreeLifecycleController.runBuild(Ljava/util/function/Supplier;)Ljava/lang/Object;+17
j  org.gradle.internal.buildtree.DefaultBuildTreeLifecycleController.fromBuildModel(ZLorg/gradle/internal/buildtree/BuildTreeModelAction;)Ljava/lang/Object;+9
j  org.gradle.tooling.internal.provider.runner.AbstractClientProvidedBuildActionRunner.runClientAction(Lorg/gradle/tooling/internal/provider/runner/AbstractClientProvidedBuildActionRunner$ClientAction;Lorg/gradle/internal/buildtree/BuildTreeLifecycleController;)Lorg/gradle/internal/buildtree/BuildActionRunner$Result;+22
j  org.gradle.tooling.internal.provider.runner.ClientProvidedPhasedActionRunner.run(Lorg/gradle/internal/invocation/BuildAction;Lorg/gradle/internal/buildtree/BuildTreeLifecycleController;)Lorg/gradle/internal/buildtree/BuildActionRunner$Result;+45
j  org.gradle.launcher.exec.ChainingBuildActionRunner.run(Lorg/gradle/internal/invocation/BuildAction;Lorg/gradle/internal/buildtree/BuildTreeLifecycleController;)Lorg/gradle/internal/buildtree/BuildActionRunner$Result;+34
j  org.gradle.internal.buildtree.ProblemReportingBuildActionRunner.run(Lorg/gradle/internal/invocation/BuildAction;Lorg/gradle/internal/buildtree/BuildTreeLifecycleController;)Lorg/gradle/internal/buildtree/BuildActionRunner$Result;+12
j  org.gradle.launcher.exec.BuildOutcomeReportingBuildActionRunner.run(Lorg/gradle/internal/invocation/BuildAction;Lorg/gradle/internal/buildtree/BuildTreeLifecycleController;)Lorg/gradle/internal/buildtree/BuildActionRunner$Result;+69
j  org.gradle.tooling.internal.provider.FileSystemWatchingBuildActionRunner.run(Lorg/gradle/internal/invocation/BuildAction;Lorg/gradle/internal/buildtree/BuildTreeLifecycleController;)Lorg/gradle/internal/buildtree/BuildActionRunner$Result;+317
j  org.gradle.launcher.exec.BuildCompletionNotifyingBuildActionRunner.run(Lorg/gradle/internal/invocation/BuildAction;Lorg/gradle/internal/buildtree/BuildTreeLifecycleController;)Lorg/gradle/internal/buildtree/BuildActionRunner$Result;+6
j  org.gradle.launcher.exec.RootBuildLifecycleBuildActionExecutor.lambda$execute$0(Lorg/gradle/internal/invocation/BuildAction;Lorg/gradle/internal/buildtree/BuildTreeLifecycleController;)Lorg/gradle/internal/buildtree/BuildActionRunner$Result;+6
j  org.gradle.launcher.exec.RootBuildLifecycleBuildActionExecutor$$Lambda+0x000000010053ce60.apply(Ljava/lang/Object;)Ljava/lang/Object;+12
j  org.gradle.composite.internal.DefaultRootBuildState.run(Ljava/util/function/Function;)Ljava/lang/Object;+87
j  org.gradle.launcher.exec.RootBuildLifecycleBuildActionExecutor.execute(Lorg/gradle/internal/invocation/BuildAction;Lorg/gradle/internal/buildtree/BuildTreeContext;)Lorg/gradle/internal/buildtree/BuildActionRunner$Result;+75
j  org.gradle.internal.buildtree.InitDeprecationLoggingActionExecutor.execute(Lorg/gradle/internal/invocation/BuildAction;Lorg/gradle/internal/buildtree/BuildTreeContext;)Lorg/gradle/internal/buildtree/BuildActionRunner$Result;+83
j  org.gradle.internal.buildtree.InitProblems.execute(Lorg/gradle/internal/invocation/BuildAction;Lorg/gradle/internal/buildtree/BuildTreeContext;)Lorg/gradle/internal/buildtree/BuildActionRunner$Result;+13
j  org.gradle.internal.buildtree.DefaultBuildTreeContext.execute(Lorg/gradle/internal/invocation/BuildAction;)Lorg/gradle/internal/buildtree/BuildActionRunner$Result;+64
j  org.gradle.launcher.exec.BuildTreeLifecycleBuildActionExecutor.lambda$execute$0(Lorg/gradle/internal/invocation/BuildAction;Lorg/gradle/internal/buildtree/BuildTreeContext;)Lorg/gradle/internal/buildtree/BuildActionRunner$Result;+2
j  org.gradle.launcher.exec.BuildTreeLifecycleBuildActionExecutor$$Lambda+0x000000010041e0e0.apply(Ljava/lang/Object;)Ljava/lang/Object;+8
j  org.gradle.internal.buildtree.BuildTreeState.run(Ljava/util/function/Function;)Ljava/lang/Object;+47
j  org.gradle.launcher.exec.BuildTreeLifecycleBuildActionExecutor.execute(Lorg/gradle/internal/invocation/BuildAction;Lorg/gradle/internal/session/BuildSessionContext;)Lorg/gradle/internal/buildtree/BuildActionRunner$Result;+74
j  org.gradle.launcher.exec.RunAsBuildOperationBuildActionExecutor$2.call(Lorg/gradle/internal/operations/BuildOperationContext;)Lorg/gradle/internal/buildtree/BuildActionRunner$Result;+25
j  org.gradle.launcher.exec.RunAsBuildOperationBuildActionExecutor$2.call(Lorg/gradle/internal/operations/BuildOperationContext;)Ljava/lang/Object;+2
j  org.gradle.internal.operations.DefaultBuildOperationRunner$CallableBuildOperationWorker.execute(Lorg/gradle/internal/operations/CallableBuildOperation;Lorg/gradle/internal/operations/BuildOperationContext;)V+3
j  org.gradle.internal.operations.DefaultBuildOperationRunner$CallableBuildOperationWorker.execute(Lorg/gradle/internal/operations/BuildOperation;Lorg/gradle/internal/operations/BuildOperationContext;)V+6
j  org.gradle.internal.operations.DefaultBuildOperationRunner$2.execute(Lorg/gradle/internal/operations/BuildOperationDescriptor;Lorg/gradle/internal/operations/BuildOperationState;Lorg/gradle/internal/operations/BuildOperationState;Lorg/gradle/internal/operations/DefaultBuildOperationRunner$ReadableBuildOperationContext;Lorg/gradle/internal/operations/DefaultBuildOperationRunner$BuildOperationExecutionListener;)Lorg/gradle/internal/operations/BuildOperation;+22
j  org.gradle.internal.operations.DefaultBuildOperationRunner$2.execute(Lorg/gradle/internal/operations/BuildOperationDescriptor;Lorg/gradle/internal/operations/BuildOperationState;Lorg/gradle/internal/operations/BuildOperationState;Lorg/gradle/internal/operations/DefaultBuildOperationRunner$ReadableBuildOperationContext;Lorg/gradle/internal/operations/DefaultBuildOperationRunner$BuildOperationExecutionListener;)Ljava/lang/Object;+8
j  org.gradle.internal.operations.DefaultBuildOperationRunner.execute(Lorg/gradle/internal/operations/BuildOperationDescriptor$Builder;Lorg/gradle/internal/operations/BuildOperationState;Lorg/gradle/internal/operations/DefaultBuildOperationRunner$BuildOperationExecution;)Ljava/lang/Object;+141
j  org.gradle.internal.operations.DefaultBuildOperationRunner.execute(Lorg/gradle/internal/operations/BuildOperation;Lorg/gradle/internal/operations/BuildOperationWorker;Lorg/gradle/internal/operations/BuildOperationState;)V+18
j  org.gradle.internal.operations.DefaultBuildOperationRunner.call(Lorg/gradle/internal/operations/CallableBuildOperation;)Ljava/lang/Object;+16
j  org.gradle.launcher.exec.RunAsBuildOperationBuildActionExecutor.execute(Lorg/gradle/internal/invocation/BuildAction;Lorg/gradle/internal/session/BuildSessionContext;)Lorg/gradle/internal/buildtree/BuildActionRunner$Result;+23
j  org.gradle.launcher.exec.RunAsWorkerThreadBuildActionExecutor.lambda$execute$0(Lorg/gradle/internal/invocation/BuildAction;Lorg/gradle/internal/session/BuildSessionContext;)Lorg/gradle/internal/buildtree/BuildActionRunner$Result;+6
j  org.gradle.launcher.exec.RunAsWorkerThreadBuildActionExecutor$$Lambda+0x00000001003e8760.create()Ljava/lang/Object;+12
j  org.gradle.internal.work.DefaultWorkerLeaseService.withLocks(Ljava/util/Collection;Lorg/gradle/internal/Factory;)Ljava/lang/Object;+28
j  org.gradle.internal.work.DefaultWorkerLeaseService.runAsWorkerThread(Lorg/gradle/internal/Factory;)Ljava/lang/Object;+33
j  org.gradle.launcher.exec.RunAsWorkerThreadBuildActionExecutor.execute(Lorg/gradle/internal/invocation/BuildAction;Lorg/gradle/internal/session/BuildSessionContext;)Lorg/gradle/internal/buildtree/BuildActionRunner$Result;+12
j  org.gradle.tooling.internal.provider.continuous.ContinuousBuildActionExecutor.execute(Lorg/gradle/internal/invocation/BuildAction;Lorg/gradle/internal/session/BuildSessionContext;)Lorg/gradle/internal/buildtree/BuildActionRunner$Result;+58
j  org.gradle.tooling.internal.provider.SubscribableBuildActionExecutor.execute(Lorg/gradle/internal/invocation/BuildAction;Lorg/gradle/internal/session/BuildSessionContext;)Lorg/gradle/internal/buildtree/BuildActionRunner$Result;+30
j  org.gradle.internal.session.DefaultBuildSessionContext.execute(Lorg/gradle/internal/invocation/BuildAction;)Lorg/gradle/internal/buildtree/BuildActionRunner$Result;+64
j  org.gradle.internal.buildprocess.execution.BuildSessionLifecycleBuildActionExecutor$ActionImpl.apply(Lorg/gradle/internal/session/BuildSessionContext;)Lorg/gradle/launcher/exec/BuildActionResult;+6
j  org.gradle.internal.buildprocess.execution.BuildSessionLifecycleBuildActionExecutor$ActionImpl.apply(Ljava/lang/Object;)Ljava/lang/Object;+5
j  org.gradle.internal.session.BuildSessionState.run(Ljava/util/function/Function;)Ljava/lang/Object;+5
j  org.gradle.internal.buildprocess.execution.BuildSessionLifecycleBuildActionExecutor.execute(Lorg/gradle/internal/invocation/BuildAction;Lorg/gradle/launcher/exec/BuildActionParameters;Lorg/gradle/initialization/BuildRequestContext;)Lorg/gradle/launcher/exec/BuildActionResult;+95
j  org.gradle.internal.buildprocess.execution.BuildSessionLifecycleBuildActionExecutor.execute(Lorg/gradle/internal/invocation/BuildAction;Ljava/lang/Object;Ljava/lang/Object;)Lorg/gradle/launcher/exec/BuildActionResult;+10
j  org.gradle.internal.buildprocess.execution.StartParamsValidatingActionExecutor.execute(Lorg/gradle/internal/invocation/BuildAction;Lorg/gradle/launcher/exec/BuildActionParameters;Lorg/gradle/initialization/BuildRequestContext;)Lorg/gradle/launcher/exec/BuildActionResult;+203
j  org.gradle.internal.buildprocess.execution.StartParamsValidatingActionExecutor.execute(Lorg/gradle/internal/invocation/BuildAction;Ljava/lang/Object;Ljava/lang/Object;)Lorg/gradle/launcher/exec/BuildActionResult;+10
j  org.gradle.internal.buildprocess.execution.SessionFailureReportingActionExecutor.execute(Lorg/gradle/internal/invocation/BuildAction;Lorg/gradle/launcher/exec/BuildActionParameters;Lorg/gradle/initialization/BuildRequestContext;)Lorg/gradle/launcher/exec/BuildActionResult;+7
j  org.gradle.internal.buildprocess.execution.SessionFailureReportingActionExecutor.execute(Lorg/gradle/internal/invocation/BuildAction;Ljava/lang/Object;Ljava/lang/Object;)Lorg/gradle/launcher/exec/BuildActionResult;+10
j  org.gradle.internal.buildprocess.execution.SetupLoggingActionExecutor.execute(Lorg/gradle/internal/invocation/BuildAction;Lorg/gradle/launcher/exec/BuildActionParameters;Lorg/gradle/initialization/BuildRequestContext;)Lorg/gradle/launcher/exec/BuildActionResult;+50
j  org.gradle.internal.buildprocess.execution.SetupLoggingActionExecutor.execute(Lorg/gradle/internal/invocation/BuildAction;Ljava/lang/Object;Ljava/lang/Object;)Lorg/gradle/launcher/exec/BuildActionResult;+10
j  org.gradle.launcher.daemon.server.exec.ExecuteBuild.doBuild(Lorg/gradle/launcher/daemon/server/api/DaemonCommandExecution;Lorg/gradle/launcher/daemon/protocol/Build;)V+147
j  org.gradle.launcher.daemon.server.exec.BuildCommandOnly.execute(Lorg/gradle/launcher/daemon/server/api/DaemonCommandExecution;)V+49
j  org.gradle.launcher.daemon.server.api.DaemonCommandExecution.proceed()Z+23
j  org.gradle.launcher.daemon.server.exec.WatchForDisconnection.execute(Lorg/gradle/launcher/daemon/server/api/DaemonCommandExecution;)V+19
j  org.gradle.launcher.daemon.server.api.DaemonCommandExecution.proceed()Z+23
j  org.gradle.launcher.daemon.server.exec.ResetDeprecationLogger.execute(Lorg/gradle/launcher/daemon/server/api/DaemonCommandExecution;)V+7
j  org.gradle.launcher.daemon.server.api.DaemonCommandExecution.proceed()Z+23
j  org.gradle.launcher.daemon.server.exec.RequestStopIfSingleUsedDaemon.execute(Lorg/gradle/launcher/daemon/server/api/DaemonCommandExecution;)V+33
j  org.gradle.launcher.daemon.server.api.DaemonCommandExecution.proceed()Z+23
j  org.gradle.launcher.daemon.server.exec.ForwardClientInput.lambda$execute$0(Lorg/gradle/launcher/daemon/server/api/DaemonCommandExecution;Lorg/gradle/internal/daemon/clientinput/StdinHandler;)Ljava/lang/Object;+11
j  org.gradle.launcher.daemon.server.exec.ForwardClientInput$$Lambda+0x000000010028b800.apply(Ljava/lang/Object;)Ljava/lang/Object;+8
j  org.gradle.internal.daemon.clientinput.ClientInputForwarder.forwardInput(Ljava/util/function/Function;)Ljava/lang/Object;+46
j  org.gradle.launcher.daemon.server.exec.ForwardClientInput.execute(Lorg/gradle/launcher/daemon/server/api/DaemonCommandExecution;)V+10
j  org.gradle.launcher.daemon.server.api.DaemonCommandExecution.proceed()Z+23
j  org.gradle.launcher.daemon.server.exec.LogAndCheckHealth.execute(Lorg/gradle/launcher/daemon/server/api/DaemonCommandExecution;)V+51
j  org.gradle.launcher.daemon.server.api.DaemonCommandExecution.proceed()Z+23
j  org.gradle.launcher.daemon.server.exec.LogToClient.doBuild(Lorg/gradle/launcher/daemon/server/api/DaemonCommandExecution;Lorg/gradle/launcher/daemon/protocol/Build;)V+87
j  org.gradle.launcher.daemon.server.exec.BuildCommandOnly.execute(Lorg/gradle/launcher/daemon/server/api/DaemonCommandExecution;)V+49
j  org.gradle.launcher.daemon.server.api.DaemonCommandExecution.proceed()Z+23
j  org.gradle.launcher.daemon.server.exec.EstablishBuildEnvironment.doBuild(Lorg/gradle/launcher/daemon/server/api/DaemonCommandExecution;Lorg/gradle/launcher/daemon/protocol/Build;)V+356
j  org.gradle.launcher.daemon.server.exec.BuildCommandOnly.execute(Lorg/gradle/launcher/daemon/server/api/DaemonCommandExecution;)V+49
j  org.gradle.launcher.daemon.server.api.DaemonCommandExecution.proceed()Z+23
j  org.gradle.launcher.daemon.server.exec.StartBuildOrRespondWithBusy$1.run()V+44
j  org.gradle.launcher.daemon.server.DaemonStateCoordinator.lambda$runCommand$0(Ljava/lang/Runnable;)V+1
j  org.gradle.launcher.daemon.server.DaemonStateCoordinator$$Lambda+0x000000010028e8a8.run()V+8
j  org.gradle.internal.concurrent.ExecutorPolicy$CatchAndRecordFailures.onExecute(Ljava/lang/Runnable;)V+1
j  org.gradle.internal.concurrent.AbstractManagedExecutor$1.run()V+25
j  java.util.concurrent.ThreadPoolExecutor.runWorker(Ljava/util/concurrent/ThreadPoolExecutor$Worker;)V+92 java.base@21.0.8
j  java.util.concurrent.ThreadPoolExecutor$Worker.run()V+5 java.base@21.0.8
j  java.lang.Thread.runWith(Ljava/lang/Object;Ljava/lang/Runnable;)V+5 java.base@21.0.8
j  java.lang.Thread.run()V+19 java.base@21.0.8
v  ~StubRoutines::call_stub 0x000001ebb2a010e7

Compiled method (n/a) 10431  836     n 0       java.lang.ClassLoader::defineClass1 (native)
 total in heap  [0x000001ebb2ff9910,0x000001ebb2ffa068] = 1880
 relocation     [0x000001ebb2ff9a70,0x000001ebb2ff9ab0] = 64
 main code      [0x000001ebb2ff9ac0,0x000001ebb2ffa067] = 1447
 stub code      [0x000001ebb2ffa067,0x000001ebb2ffa068] = 1

[Constant Pool (empty)]

[MachCode]
[Entry Point]
  # {method} {0x000001ebc0025088} 'defineClass1' '(Ljava/lang/ClassLoader;Ljava/lang/String;[BIILjava/security/ProtectionDomain;Ljava/lang/String;)Ljava/lang/Class;' in 'java/lang/ClassLoader'
  # parm0:    rdx:rdx   = 'java/lang/ClassLoader'
  # parm1:    r8:r8     = 'java/lang/String'
  # parm2:    r9:r9     = '[B'
  # parm3:    rdi       = int
  # parm4:    rsi       = int
  # parm5:    rcx:rcx   = 'java/security/ProtectionDomain'
  # parm6:    [sp+0xa0]   = 'java/lang/String'  (sp of caller)
  0x000001ebb2ff9ac0: 448b 5208 | 49c1 e203 | 493b c20f | 8407 0000 

  0x000001ebb2ff9ad0: ;   {runtime_call ic_miss_stub}
  0x000001ebb2ff9ad0: 00e9 aa4e | a5ff 6690 
[Verified Entry Point]
  0x000001ebb2ff9ad8: 8984 2400 | 80ff ff55 | 488b ec48 | 81ec 9000 | 0000 6690 | 4181 7f20 | 0900 0000 

  0x000001ebb2ff9af4: ;   {runtime_call StubRoutines (final stubs)}
  0x000001ebb2ff9af4: 7405 e805 | 15a4 ff48 | 837d 1000 | 488d 4510 | 480f 4445 | 1048 8944 | 2440 4889 | 4c24 7048 
  0x000001ebb2ff9b14: 83f9 0048 | 8d44 2470 | 480f 4444 | 2470 4889 | 4424 3848 | 8974 2430 | 4889 7c24 | 284c 894c 
  0x000001ebb2ff9b34: 2458 4983 | f900 488d | 4424 5848 | 0f44 4424 | 5848 8944 | 2420 4c89 | 4424 5049 | 83f8 004c 
  0x000001ebb2ff9b54: 8d4c 2450 | 4c0f 444c | 2450 4889 | 5424 4848 | 83fa 004c | 8d44 2448 | 4c0f 4444 

  0x000001ebb2ff9b70: ;   {oop(a 'java/lang/Class'{0x00000000808a0318} = 'java/lang/ClassLoader')}
  0x000001ebb2ff9b70: 2448 49be | 1803 8a80 | 0000 0000 | 4c89 7424 | 784c 8d74 | 2478 498b | d6c5 f877 

  0x000001ebb2ff9b8c: ;   {internal_word}
  0x000001ebb2ff9b8c: 49ba 899b | ffb2 eb01 | 0000 4d89 | 97a0 0300 | 0049 89a7 | 9803 0000 

  0x000001ebb2ff9ba4: ;   {external_word}
  0x000001ebb2ff9ba4: 49ba 18fa | dd98 fe7f | 0000 4180 | 3a00 0f84 | 4e00 0000 | 5241 5041 

  0x000001ebb2ff9bbc: ;   {metadata({method} {0x000001ebc0025088} 'defineClass1' '(Ljava/lang/ClassLoader;Ljava/lang/String;[BIILjava/security/ProtectionDomain;Ljava/lang/String;)Ljava/lang/Class;' in 'java/lang/ClassLoader')}
  0x000001ebb2ff9bbc: 5148 ba80 | 5002 c0eb | 0100 0049 | 8bcf 4883 | ec20 40f6 | c40f 0f84 | 1900 0000 | 4883 ec08 
  0x000001ebb2ff9bdc: ;   {runtime_call}
  0x000001ebb2ff9bdc: 48b8 90d7 | 9798 fe7f | 0000 ffd0 | 4883 c408 | e90c 0000 

  0x000001ebb2ff9bf0: ;   {runtime_call}
  0x000001ebb2ff9bf0: 0048 b890 | d797 98fe | 7f00 00ff | d048 83c4 | 2041 5941 | 585a 498d | 8fb8 0300 | 0041 c787 
  0x000001ebb2ff9c10: 4404 0000 | 0400 0000 

  0x000001ebb2ff9c18: ;   {runtime_call}
  0x000001ebb2ff9c18: 48b8 ac16 | ce0d ff7f | 0000 ffd0 | c5f8 7741 | c787 4404 | 0000 0500 | 0000 f083 | 4424 c000 
  0x000001ebb2ff9c38: 493b af48 | 0400 000f | 870e 0000 | 0041 83bf | 4004 0000 | 000f 842b | 0000 00c5 | f877 4889 
  0x000001ebb2ff9c58: 45f8 498b | cf4c 8be4 | 4883 ec20 | 4883 e4f0 

  0x000001ebb2ff9c68: ;   {runtime_call}
  0x000001ebb2ff9c68: 48b8 2014 | 6398 fe7f | 0000 ffd0 | 498b e44d | 33e4 488b | 45f8 41c7 | 8744 0400 | 0008 0000 
  0x000001ebb2ff9c88: 0041 83bf | c004 0000 | 020f 84a3 

  0x000001ebb2ff9c94: ;   {external_word}
  0x000001ebb2ff9c94: 0300 0049 | ba18 fadd | 98fe 7f00 | 0041 803a | 000f 844c | 0000 0048 

  0x000001ebb2ff9cac: ;   {metadata({method} {0x000001ebc0025088} 'defineClass1' '(Ljava/lang/ClassLoader;Ljava/lang/String;[BIILjava/security/ProtectionDomain;Ljava/lang/String;)Ljava/lang/Class;' in 'java/lang/ClassLoader')}
  0x000001ebb2ff9cac: 8945 f848 | ba80 5002 | c0eb 0100 | 0049 8bcf | 4883 ec20 | 40f6 c40f | 0f84 1900 | 0000 4883 
  0x000001ebb2ff9ccc: ;   {runtime_call}
  0x000001ebb2ff9ccc: ec08 48b8 | 90d7 9798 | fe7f 0000 | ffd0 4883 | c408 e90c 

  0x000001ebb2ff9ce0: ;   {runtime_call}
  0x000001ebb2ff9ce0: 0000 0048 | b890 d797 | 98fe 7f00 | 00ff d048 | 83c4 2048 | 8b45 f849 | c787 9803 | 0000 0000 
  0x000001ebb2ff9d00: 0000 49c7 | 87a0 0300 | 0000 0000 | 00c5 f877 | 4885 c00f | 84fe 0200 | 00a8 030f | 8508 0000 
  0x000001ebb2ff9d20: 0048 8b00 | e9ee 0200 | 00a8 010f | 8509 0000 | 0048 8b40 | fee9 dd02 | 0000 488b | 40ff 4180 
  0x000001ebb2ff9d40: 7f40 000f | 84ce 0200 | 0048 83f8 | 000f 84c4 | 0200 0049 | 8b4f 2848 | 83f9 000f | 8414 0000 
  0x000001ebb2ff9d60: 0048 83e9 | 0849 894f | 2849 034f | 3848 8901 | e9a2 0200 | 0048 81ec | 5001 0000 | 4889 0424 
  0x000001ebb2ff9d80: 4889 4c24 | 0848 8954 | 2410 4889 | 7424 1848 | 897c 2420 | 4c89 4424 | 284c 894c | 2430 4c89 
  0x000001ebb2ff9da0: 5424 384c | 895c 2440 | c5fb 1144 | 2450 c5fb | 114c 2458 | c5fb 1154 | 2460 c5fb | 115c 2468 
  0x000001ebb2ff9dc0: c5fb 1164 | 2470 c5fb | 116c 2478 | c5fb 11b4 | 2480 0000 | 00c5 fb11 | bc24 8800 | 0000 c57b 
  0x000001ebb2ff9de0: ;   {no_reloc}
  0x000001ebb2ff9de0: 1184 2490 | 0000 00c5 | 7b11 8c24 | 9800 0000 | c57b 1194 | 24a0 0000 | 00c5 7b11 | 9c24 a800 
  0x000001ebb2ff9e00: 0000 c57b | 11a4 24b0 | 0000 00c5 | 7b11 ac24 | b800 0000 | c57b 11b4 | 24c0 0000 | 00c5 7b11 
  0x000001ebb2ff9e20: bc24 c800 | 0000 62e1 | ff08 1144 | 241a 62e1 | ff08 114c | 241b 62e1 | ff08 1154 | 241c 62e1 
  0x000001ebb2ff9e40: ff08 115c | 241d 62e1 | ff08 1164 | 241e 62e1 | ff08 116c | 241f 62e1 | ff08 1174 | 2420 62e1 
  0x000001ebb2ff9e60: ff08 117c | 2421 6261 | ff08 1144 | 2422 6261 | ff08 114c | 2423 6261 | ff08 1154 | 2424 6261 
  0x000001ebb2ff9e80: ff08 115c | 2425 6261 | ff08 1164 | 2426 6261 | ff08 116c | 2427 6261 | ff08 1174 | 2428 6261 
  0x000001ebb2ff9ea0: ff08 117c | 2429 498b | d748 8bc8 | 4883 ec20 | 40f6 c40f | 0f84 1900 | 0000 4883 

  0x000001ebb2ff9ebc: ;   {runtime_call}
  0x000001ebb2ff9ebc: ec08 48b8 | 1022 5698 | fe7f 0000 | ffd0 4883 | c408 e90c 

  0x000001ebb2ff9ed0: ;   {runtime_call}
  0x000001ebb2ff9ed0: 0000 0048 | b810 2256 | 98fe 7f00 | 00ff d048 | 83c4 2062 | 61ff 0810 | 7c24 2962 | 61ff 0810 
  0x000001ebb2ff9ef0: 7424 2862 | 61ff 0810 | 6c24 2762 | 61ff 0810 | 6424 2662 | 61ff 0810 | 5c24 2562 | 61ff 0810 
  0x000001ebb2ff9f10: 5424 2462 | 61ff 0810 | 4c24 2362 | 61ff 0810 | 4424 2262 | e1ff 0810 | 7c24 2162 | e1ff 0810 
  0x000001ebb2ff9f30: 7424 2062 | e1ff 0810 | 6c24 1f62 | e1ff 0810 | 6424 1e62 | e1ff 0810 | 5c24 1d62 | e1ff 0810 
  0x000001ebb2ff9f50: 5424 1c62 | e1ff 0810 | 4c24 1b62 | e1ff 0810 | 4424 1ac5 | 7b10 bc24 | c800 0000 | c57b 10b4 
  0x000001ebb2ff9f70: 24c0 0000 | 00c5 7b10 | ac24 b800 | 0000 c57b | 10a4 24b0 | 0000 00c5 | 7b10 9c24 | a800 0000 
  0x000001ebb2ff9f90: c57b 1094 | 24a0 0000 | 00c5 7b10 | 8c24 9800 | 0000 c57b | 1084 2490 | 0000 00c5 | fb10 bc24 
  0x000001ebb2ff9fb0: 8800 0000 | c5fb 10b4 | 2480 0000 | 00c5 fb10 | 6c24 78c5 | fb10 6424 | 70c5 fb10 | 5c24 68c5 
  0x000001ebb2ff9fd0: ;   {no_reloc}
  0x000001ebb2ff9fd0: fb10 5424 | 60c5 fb10 | 4c24 58c5 | fb10 4424 | 504c 8b5c | 2440 4c8b | 5424 384c | 8b4c 2430 
  0x000001ebb2ff9ff0: 4c8b 4424 | 2848 8b7c | 2420 488b | 7424 1848 | 8b54 2410 | 488b 4c24 | 0848 8b04 | 2448 81c4 
  0x000001ebb2ffa010: 5001 0000 | c5f8 7749 | 8b8f 2804 | 0000 c781 | 0001 0000 | 0000 0000 | c949 837f | 0800 0f85 
  0x000001ebb2ffa030: 0100 0000 

  0x000001ebb2ffa034: ;   {runtime_call StubRoutines (initial stubs)}
  0x000001ebb2ffa034: c3e9 c66e | a0ff c5f8 | 7748 8945 | f84c 8be4 | 4883 ec20 | 4883 e4f0 

  0x000001ebb2ffa04c: ;   {runtime_call}
  0x000001ebb2ffa04c: 48b8 e00e | 9898 fe7f | 0000 ffd0 | 498b e44d | 33e4 488b | 45f8 e930 | fcff fff4 
[/MachCode]


Compiled method (c2) 10450 4086       4       java.security.SecureClassLoader::defineClass (16 bytes)
 total in heap  [0x000001ebb31bce10,0x000001ebb31c0e88] = 16504
 relocation     [0x000001ebb31bcf70,0x000001ebb31bd1c8] = 600
 main code      [0x000001ebb31bd1e0,0x000001ebb31bf5a0] = 9152
 stub code      [0x000001ebb31bf5a0,0x000001ebb31bf668] = 200
 oops           [0x000001ebb31bf668,0x000001ebb31bf680] = 24
 metadata       [0x000001ebb31bf680,0x000001ebb31bf8c0] = 576
 scopes data    [0x000001ebb31bf8c0,0x000001ebb31c0628] = 3432
 scopes pcs     [0x000001ebb31c0628,0x000001ebb31c0b78] = 1360
 dependencies   [0x000001ebb31c0b78,0x000001ebb31c0c08] = 144
 handler table  [0x000001ebb31c0c08,0x000001ebb31c0e18] = 528
 nul chk table  [0x000001ebb31c0e18,0x000001ebb31c0e88] = 112

[Constant Pool (empty)]

[MachCode]
[Entry Point]
  # {method} {0x000001ebc003d7f8} 'defineClass' '(Ljava/lang/String;[BIILjava/security/CodeSource;)Ljava/lang/Class;' in 'java/security/SecureClassLoader'
  # this:     rdx:rdx   = 'java/security/SecureClassLoader'
  # parm0:    r8:r8     = 'java/lang/String'
  # parm1:    r9:r9     = '[B'
  # parm2:    rdi       = int
  # parm3:    rsi       = int
  # parm4:    rcx:rcx   = 'java/security/CodeSource'
  #           [sp+0xc0]  (sp of caller)
  0x000001ebb31bd1e0: 448b 5208 | 49c1 e203 

  0x000001ebb31bd1e8: ;   {runtime_call ic_miss_stub}
  0x000001ebb31bd1e8: 493b c20f | 858f 1789 | ff66 6690 | 0f1f 8400 | 0000 0000 | 6666 6690 
[Verified Entry Point]
  0x000001ebb31bd200: 8984 2400 | 80ff ff55 | 4881 ecb0 | 0000 0090 | 4181 7f20 | 0900 0000 | 0f85 7423 | 0000 8974 
  0x000001ebb31bd220: 2444 897c | 2440 4c89 | 4c24 384c | 8944 2430 | 4889 5424 | 2848 8be9 | 4885 c90f | 84d3 1b00 
  0x000001ebb31bd240: 004d 8b87 | b801 0000 | 4d8b d049 | 83c2 104d | 3b97 c801 | 0000 0f83 | f914 0000 | 4d89 97b8 
  0x000001ebb31bd260: 0100 0041 | 0f0d 8ac0 | 0000 0049 | c700 0100 

  0x000001ebb31bd270: ;   {metadata('java/security/SecureClassLoader$CodeSourceKey')}
  0x000001ebb31bd270: 0000 41c7 | 4008 7d2f | 0120 4c8b | d545 8950 | 0c4d 8b8f | b801 0000 | 4c8b 5424 | 2841 8b6a 
  0x000001ebb31bd290: 504d 8bd1 | 4983 c210 | 4d3b 97c8 | 0100 000f | 83d3 1400 | 004d 8997 | b801 0000 | 410f 0d8a 
  0x000001ebb31bd2b0: c000 0000 | 49c7 0101 

  0x000001ebb31bd2b8: ;   {metadata('java/security/SecureClassLoader$1')}
  0x000001ebb31bd2b8: 0000 0041 | c741 08c5 | 2f01 204c | 8b54 2428 | 4589 510c 

  0x000001ebb31bd2cc: ; implicit exception: dispatches to 0x000001ebb31bf2dc
  0x000001ebb31bd2cc: 448b 5508 

  0x000001ebb31bd2d0: ;   {metadata('java/util/concurrent/ConcurrentHashMap')}
  0x000001ebb31bd2d0: 4181 fa29 | ad00 200f | 856f 1800 | 0048 8bd5 

  0x000001ebb31bd2e0: ;   {optimized virtual_call}
  0x000001ebb31bd2e0: c5f8 77e8 

  0x000001ebb31bd2e4: ; ImmutableOopMap {[40]=Oop [48]=Oop [56]=Oop }
                      ;*invokeinterface computeIfAbsent {reexecute=0 rethrow=0 return_oop=1}
                      ; - java.security.SecureClassLoader::getProtectionDomain@28
                      ; - java.security.SecureClassLoader::defineClass@9
  0x000001ebb31bd2e4: 989d feff 

  0x000001ebb31bd2e8: ;   {other}
  0x000001ebb31bd2e8: 0f1f 8400 | d804 0000 

  0x000001ebb31bd2f0: ; implicit exception: dispatches to 0x000001ebb31bf2fc
  0x000001ebb31bd2f0: 448b 5808 

  0x000001ebb31bd2f4: ;   {metadata('java/security/ProtectionDomain')}
  0x000001ebb31bd2f4: 4181 fbcf | 8800 200f | 8567 1f00 | 0048 8984 | 2490 0000 | 004c 8b54 | 2430 458b | 5214 458b 
  0x000001ebb31bd314: 5a0c 4585 | db0f 8681 | 1800 004c | 8b44 2430 | 450f be40 | 1045 85c0 | 0f85 161a | 0000 c442 
  0x000001ebb31bd334: 3af7 cb45 | 3bcb 418b | d941 0f4f | db4d 8bc2 | c4c1 f96e | c04d 8d42 | 1085 db0f | 8ecf 0000 
  0x000001ebb31bd354: 0044 3bdb | 0f82 8618 | 0000 b82f | 0000 0049 | 8bf8 8bd3 | 488b df83 | fa10 0f8c | 7900 0000 
  0x000001ebb31bd374: 83fa 200f | 8c36 0000 | 00c5 f96e | c8c4 e27d | 78c9 c5ed | efd2 8bca | 83e1 e083 | e21f c5fe 
  0x000001ebb31bd394: 6f1b c5e5 | 74d9 c4e2 | 7d17 d30f | 8369 0000 | 0048 83c3 | 2083 e920 | 75e4 e90d | 0000 00c5 
  0x000001ebb31bd3b4: f96e c8c5 | e9ef d2c4 | e271 00ca | 83fa 100f | 8c24 0000 | 008b ca83 | e1f0 83e2 | 0fc5 fa6f 
  0x000001ebb31bd3d4: 1bc5 e174 | d9c4 e279 | 17d3 0f83 | 2a00 0000 | 4883 c310 | 83e9 1075 | e485 d20f 

  0x000001ebb31bd3f0: ;   {no_reloc}
  0x000001ebb31bd3f0: 8412 0000 | 000f b60b | 3bc1 741c | 4883 c301 | 83ea 0174 | 02eb eebb | ffff ffff | eb0d c5fd 
  0x000001ebb31bd410: d7cb 0fbc | c148 03d8 | 482b df83 | fbff 0f85 | 8419 0000 | 410f b628 | 83fd 5b0f | 8417 1a00 
  0x000001ebb31bd430: 0041 8d59 | fb85 db7c | 5341 0fbe | 0883 f96a | 754a 4183 | fb04 0f86 | 101d 0000 | 4180 7a11 
  0x000001ebb31bd450: 6175 3941 | 807a 1276 | 7532 4180 | 7a13 6175 | 2b41 807a | 142e 7524 

  0x000001ebb31bd468: ;   {oop(a 'jdk/internal/loader/ClassLoaders$PlatformClassLoader'{0x00000000808669f0})}
  0x000001ebb31bd468: 48b9 f069 | 8680 0000 | 0000 488b | 5c24 2848 | 3bd9 0f85 | c41d 0000 

  0x000001ebb31bd480: ;   {oop(a 'jdk/internal/loader/ClassLoaders$PlatformClassLoader'{0x00000000808669f0})}
  0x000001ebb31bd480: 48bb f069 | 8680 0000 | 0000 eb05 | 488b 5c24 | 2848 8b8c | 2490 0000 | 0044 8b71 | 1041 8d79 
  0x000001ebb31bd4a0: ff41 8d53 | ff3b fa0f | 4ffa 85ff | 0f8c d90d | 0000 413b | fb0f 8369 | 1600 0085 | ff0f 8ef9 
  0x000001ebb31bd4c0: 1600 008d | 57ff 33f6 | c4c1 f96e | c845 0fbe | 443a 1041 | 83f8 2e0f | 849f 0d00 | 00ff cf3b 
  0x000001ebb31bd4e0: fa7f ea83 | ff02 0f8e | 8b00 0000 | 8d4f fe83 | ff02 0f4c | ce81 f9a0 | 0f00 00ba | a00f 0000 
  0x000001ebb31bd500: 0f47 ca8b | c72b c166 | 0f1f 8400 | 0000 0000 | 4863 cf45 | 0fbe 440a | 1041 83f8 | 2e0f 8484 
  0x000001ebb31bd520: 0000 0041 | 0fbe 4c0a | 0f83 f92e | 747d 8d4f | fe45 0fbe | 440a 1041 | 83f8 2e74 | 718d 4ffd 
  0x000001ebb31bd540: 410f be54 | 0a10 83fa | 2e74 6383 | c7fc 3bf8 | 7fbe 498b | af50 0400 | 004c 8b44 | 2428 488b 
  0x000001ebb31bd560: 4c24 3048 | 8b94 2490 

  0x000001ebb31bd568: ; ImmutableOopMap {r10=NarrowOop r8=Oop rcx=Oop rbx=Oop rdx=Oop r14=NarrowOop xmm0=Oop xmm1=Derived_oop_xmm0 [40]=Oop [48]=Oop [56]=Oop [144]=Oop }
                      ;*goto {reexecute=1 rethrow=0 return_oop=0}
                      ; - (reexecute) java.lang.StringLatin1::lastIndexOf@35
                      ; - java.lang.String::lastIndexOf@13
                      ; - java.lang.String::lastIndexOf@8
                      ; - java.lang.ClassLoader::checkCerts@3
                      ; - java.lang.ClassLoader::preDefineClass@113
                      ; - java.lang.ClassLoader::defineClass@4
                      ; - java.security.SecureClassLoader::defineClass@12
                      ;   {poll}
  0x000001ebb31bd568: 0000 0085 | 4500 83ff | 020f 8f75 | ffff ff83 | ffff 7e21 | 450f be44 | 3a10 4183 | f82e 0f84 
  0x000001ebb31bd588: 9c17 0000 | ffcf 83ff | ff7f e9c4 | c1f9 7ec8 | e9f0 0c00 | 00c4 c1f9 | 7ec8 e9e6 | 0c00 008b 
  0x000001ebb31bd5a8: cfeb 038d | 4fff c4c1 | f97e c883 | f9ff 0f84 | 7b11 0000 | 85c9 0f8c | b817 0000 | 413b c90f 
  0x000001ebb31bd5c8: 8ff3 1800 | 0041 3bc9 | 0f84 5f0c | 0000 85c9 | 0f84 6811 | 0000 4d8b | afb8 0100 | 004d 8bcd 
  0x000001ebb31bd5e8: 4983 c118 | 4d3b 8fc8 | 0100 000f | 83bb 1100 | 004c 8944 | 2420 4d89 | 8fb8 0100 | 0041 0f0d 
  0x000001ebb31bd608: 89c0 0000 | 0049 c745 | 0001 0000 | 004d 8bcd | 4983 c110 

  0x000001ebb31bd61c: ;   {metadata('java/lang/String')}
  0x000001ebb31bd61c: 41c7 4508 | 1284 0020 | 4589 650c | c5f5 efc9 | c4c1 79d6 | 0941 3bcb | 0f85 cb00 | 0000 4d63 
  0x000001ebb31bd63c: c341 81fb | 0000 1000 | 0f87 8213 | 0000 498b | bfb8 0100 | 004d 8d48 | 1749 83e1 | f848 8bcf 
  0x000001ebb31bd65c: 4903 c949 | 3b8f c801 | 0000 0f83 | 6013 0000 | 4989 8fb8 | 0100 000f | 0d89 c000 | 0000 48c7 
  0x000001ebb31bd67c: 0701 0000 | 000f 0d89 | 0001 0000 

  0x000001ebb31bd688: ;   {metadata({type array byte})}
  0x000001ebb31bd688: c747 0859 | 8100 2044 | 895f 0c0f | 0d89 4001 | 0000 0f0d | 8980 0100 | 0089 7424 | 4848 895c 
  0x000001ebb31bd6a8: 2458 4489 | 7424 4c4c | 896c 2460 | 4c89 4424 | 6848 8bd7 | 4883 c210 | 4c8b 4424 | 6849 83c0 
  0x000001ebb31bd6c8: 0749 c1e8 | 0348 8b4c | 2420 c5f8 | 7749 ba80 | 70a3 b2eb | 0100 0041 

  0x000001ebb31bd6e0: ;   {other}
  0x000001ebb31bd6e0: ffd2 0f1f | 8400 0000 | 0000 8b74 | 2448 488b | 5c24 5844 | 8b74 244c | 4c8b 6c24 | 604c 8bdf 
  0x000001ebb31bd700: e9dd 0000 | 0081 f900 | 0010 000f | 8753 1500 | 004c 63c9 | 443b d941 | 8beb 0f4f | e944 3bdd 
  0x000001ebb31bd720: 0f82 b915 | 0000 3bcd | 0f82 b115 | 0000 4983 | c117 4d8b | c149 83e0 | f881 f900 | 0010 000f 
  0x000001ebb31bd740: 8712 1100 | 004d 8b9f | b801 0000 | 4d8b d34d | 03d0 4d3b | 97c8 0100 | 000f 83f8 | 1000 004d 
  0x000001ebb31bd760: 8997 b801 | 0000 410f | 0d8a c000 | 0000 49c7 | 0301 0000 | 0041 0f0d | 8a00 0100 

  0x000001ebb31bd77c: ;   {metadata({type array byte})}
  0x000001ebb31bd77c: 0041 c743 | 0859 8100 | 2041 894b | 0c41 0f0d | 8a40 0100 | 0041 0f0d | 8a80 0100 | 004d 8bd3 
  0x000001ebb31bd79c: 4983 c210 | 49c1 e903 | 85ed 0f84 | c014 0000 | 3be9 0f8c | 140c 0000 | 498b fb49 | 83c0 f049 
  0x000001ebb31bd7bc: c1e8 0348 | 8b4c 2420 | 498b d2c5 | f877 49ba | 8070 a3b2 | eb01 0000 

  0x000001ebb31bd7d4: ;   {other}
  0x000001ebb31bd7d4: 41ff d20f | 1f84 0000 | 0000 004c | 8bdf 4180 | 7f40 000f | 85ce 0a00 | 004d 8bd5 | 4d8b cb45 
  0x000001ebb31bd7f4: 894d 144d | 33da 49c1 | eb14 4d85 | db74 1a49 | c1ea 0948 | b900 004d | baeb 0100 | 0049 03ca 
  0x000001ebb31bd814: 8039 020f | 85d1 0a00 | 0045 8865 | 1041 8b6e | 1485 ed0f | 8533 1600 | 0041 8b6e | 1085 ed0f 
  0x000001ebb31bd834: 8557 1600 | 0044 8b5b | 2c45 85db | 0f84 9612 | 0000 4889 | 5c24 4889 | 7424 2049 | 8bd3 bf01 
  0x000001ebb31bd854: ;   {oop(a 'java/security/cert/Certificate'[0] {0x00000000808a0398})}
  0x000001ebb31bd854: 0000 0049 | b998 038a | 8000 0000 | 004d 8bc5 

  0x000001ebb31bd864: ;   {optimized virtual_call}
  0x000001ebb31bd864: c5f8 77e8 

  0x000001ebb31bd868: ; ImmutableOopMap {[40]=Oop [48]=Oop [56]=Oop [72]=Oop [144]=Oop }
                      ;*invokevirtual putVal {reexecute=0 rethrow=0 return_oop=1}
                      ; - java.util.concurrent.ConcurrentHashMap::putIfAbsent@4
                      ; - java.lang.ClassLoader::checkCerts@62
                      ; - java.lang.ClassLoader::preDefineClass@113
                      ; - java.lang.ClassLoader::defineClass@4
                      ; - java.security.SecureClassLoader::defineClass@12
  0x000001ebb31bd868: 3443 f1ff 

  0x000001ebb31bd86c: ;   {other}
  0x000001ebb31bd86c: 0f1f 8400 | 5c0a 0002 | 4885 c074 | 1c44 8b58 

  0x000001ebb31bd87c: ;   {metadata('java/security/cert/Certificate'[])}
  0x000001ebb31bd87c: 0841 81fb | 9361 0020 | 0f85 121a | 0000 8b68 | 0c85 ed0f | 875f 1600 | 004c 8b8c | 2490 0000 
  0x000001ebb31bd89c: 0045 8b51 | 1041 8b6a | 0c44 8b55 | 3845 85d2 | 0f84 4212 | 0000 48ff | b424 9000 | 0000 488f 
  0x000001ebb31bd8bc: 4424 4849 | 8bd2 4c8b | c566 6690 

  0x000001ebb31bd8c8: ;   {optimized virtual_call}
  0x000001ebb31bd8c8: c5f8 77e8 

  0x000001ebb31bd8cc: ; ImmutableOopMap {[40]=Oop [48]=Oop [56]=Oop [72]=Oop [144]=Oop }
                      ;*invokevirtual toExternalForm {reexecute=0 rethrow=0 return_oop=1}
                      ; - java.net.URL::toExternalForm@5
                      ; - java.net.URL::toString@1
                      ; - java.lang.ClassLoader::defineClassSourceLocation@22
                      ; - java.lang.ClassLoader::defineClass@12
                      ; - java.security.SecureClassLoader::defineClass@12
  0x000001ebb31bd8cc: d07b e4ff 

  0x000001ebb31bd8d0: ;   {other}
  0x000001ebb31bd8d0: 0f1f 8400 | c00a 0003 | 488b 5424 | 284c 8b44 | 2430 4c8b | 4c24 388b | 7c24 408b | 7424 4448 
  0x000001ebb31bd8f0: 8b8c 2490 | 0000 0048 | 8904 2490 

  0x000001ebb31bd8fc: ;   {static_call}
  0x000001ebb31bd8fc: c5f8 77e8 

  0x000001ebb31bd900: ; ImmutableOopMap {[40]=Oop [72]=Oop [144]=Oop }
                      ;*invokestatic defineClass1 {reexecute=0 rethrow=0 return_oop=1}
                      ; - java.lang.ClassLoader::defineClass@27
                      ; - java.security.SecureClassLoader::defineClass@12
  0x000001ebb31bd900: d4c1 e3ff 

  0x000001ebb31bd904: ;   {other}
  0x000001ebb31bd904: 0f1f 8400 | f40a 0004 | 4889 4424 | 3044 8b50 | 3c45 85d2 | 7417 498b | da49 ba00 | 004d baeb 
  0x000001ebb31bd924: 0100 004c | 8954 2468 | e90f 0400 | 004c 8b50 | 1045 8b5a | 0845 85db | 0f8c e212 | 0000 448b 
  0x000001ebb31bd944: 502c 4585 | d20f 84f0 | 0800 0049 | 8bc2 448b | 5814 418b | 7b0c 440f | be40 10c4 | e23a f7cf 
  0x000001ebb31bd964: 448d 51ff | 4585 c00f | 85c7 1600 | 004d 8bc3 | 4c89 8424 | 8800 0000 | 448d 4fff | 453b ca45 
  0x000001ebb31bd984: 0f4f ca45 | 85c9 0f8c | 0709 0000 | 85ff 0f86 | 6812 0000 | 443b cf0f | 835f 1200 | 0045 85c9 
  0x000001ebb31bd9a4: 0f8e 9612 | 0000 458d 

  0x000001ebb31bd9ac: ;   {oop(""{0x0000000080804740})}
  0x000001ebb31bd9ac: 51ff 48bb | 4047 8080 | 0000 0000 | 49b8 0000 | 4dba eb01 | 0000 4c89 | 4424 6847 | 0fbe 440b 
  0x000001ebb31bd9cc: 1041 83f8 | 2e0f 84ac | 0800 0041 | ffc9 453b | ca7f e841 | 83f9 020f | 8e82 0000 | 0041 8d51 
  0x000001ebb31bd9ec: fe41 83f9 | 020f 4c54 | 2420 81fa | a00f 0000 | 41b8 a00f | 0000 410f | 47d0 458b | d144 2bd2 
  0x000001ebb31bda0c: 0f1f 4000 | 4963 d145 | 0fbe 4413 | 1041 83f8 | 2e74 7741 | 0fbe 5413 | 0f83 fa2e | 7471 458d 
  0x000001ebb31bda2c: 41fe 430f | be74 0310 | 83fe 2e74 | 6645 8d41 | fd43 0fbe | 5403 1083 | fa2e 7457 | 4183 c1fc 
  0x000001ebb31bda4c: 453b ca7f | bf4d 8baf | 5004 0000 | 4c8b 5424 

  0x000001ebb31bda5c: ; ImmutableOopMap {r10=Oop r11=NarrowOop rbx=Oop rax=Oop [40]=Oop [48]=Oop [72]=Oop [136]=Oop }
                      ;*goto {reexecute=1 rethrow=0 return_oop=0}
                      ; - (reexecute) java.lang.StringLatin1::lastIndexOf@35
                      ; - java.lang.String::lastIndexOf@13
                      ; - java.lang.String::lastIndexOf@8
                      ; - java.lang.Class::getPackageName@47
                      ; - java.lang.ClassLoader::postDefineClass@2
                      ; - java.lang.ClassLoader::defineClass@37
                      ; - java.security.SecureClassLoader::defineClass@12
                      ;   {poll}
  0x000001ebb31bda5c: 3041 8545 | 0041 83f9 | 020f 8f7e | ffff ff41 | 83f9 ff0f | 8e3b 0800 | 0066 6690 | 470f be44 
  0x000001ebb31bda7c: 0b10 4183 | f82e 0f84 | a815 0000 | 41ff c941 | 83f9 ff7f | e7e9 1a08 | 0000 458b | c1eb 0445 
  0x000001ebb31bda9c: 8d41 ff41 | 83f8 ff0f | 8452 0200 | 0045 85c0 | 0f8c de15 | 0000 443b | c10f 8f09 | 1600 0044 
  0x000001ebb31bdabc: 3bc1 0f84 | b007 0000 | 4585 c00f | 84d8 0c00 | 0049 8b9f | b801 0000 | 4c8b d349 | 83c2 184d 
  0x000001ebb31bdadc: 3b97 c801 | 0000 0f83 | 2c0e 0000 | 4d89 97b8 | 0100 004c | 8bcb 4983 | c110 48c7 | 0301 0000 
  0x000001ebb31bdafc: 0041 0f0d | 8ac0 0000 

  0x000001ebb31bdb04: ;   {metadata('java/lang/String')}
  0x000001ebb31bdb04: 00c7 4308 | 1284 0020 | 4489 630c | c5fd efc0 | c4c1 79d6 | 014d 8d53 | 1044 3bc7 | 0f85 9700 
  0x000001ebb31bdb24: 0000 4c63 | cf81 ff00 | 0010 000f | 874a 0f00 | 0049 8bb7 | b801 0000 | 4d8d 4117 | 4983 e0f8 
  0x000001ebb31bdb44: 488b ce49 | 03c8 493b | 8fc8 0100 | 000f 8328 | 0f00 0049 | 898f b801 | 0000 0f0d | 89c0 0000 
  0x000001ebb31bdb64: 0048 c706 | 0100 0000 | 0f0d 8900 

  0x000001ebb31bdb70: ;   {metadata({type array byte})}
  0x000001ebb31bdb70: 0100 00c7 | 4608 5981 | 0020 897e | 0c0f 0d89 | 4001 0000 | 0f0d 8980 | 0100 0048 | 8bd6 4883 
  0x000001ebb31bdb90: c210 4983 | c107 49c1 | e903 498b | ca4d 8bc1 | c5f8 7749 | ba80 70a3 | b2eb 0100 | 0041 ffd2 
  0x000001ebb31bdbb0: ;   {other}
  0x000001ebb31bdbb0: 0f1f 8400 | 0000 0000 | e9da 0000 | 0041 81f8 | 0000 1000 | 0f87 be13 | 0000 4d63 | c841 3bf8 
  0x000001ebb31bdbd0: 8bef 410f | 4fe8 3bfd | 0f82 2514 | 0000 443b | c50f 821c | 1400 0049 | 83c1 1749 | 8bf9 4883 
  0x000001ebb31bdbf0: e7f8 4181 | f800 0010 | 000f 8715 | 0e00 0049 | 8bb7 b801 | 0000 4c8b | de4c 03df | 4d3b 9fc8 
  0x000001ebb31bdc10: 0100 000f | 83fb 0d00 | 004d 899f | b801 0000 | 410f 0d8b | c000 0000 | 48c7 0601 | 0000 0041 
  0x000001ebb31bdc30: 0f0d 8b00 

  0x000001ebb31bdc34: ;   {metadata({type array byte})}
  0x000001ebb31bdc34: 0100 00c7 | 4608 5981 | 0020 4489 | 460c 410f | 0d8b 4001 | 0000 410f | 0d8b 8001 | 0000 4c8b 
  0x000001ebb31bdc54: de49 83c3 | 1049 c1e9 | 0385 ed0f | 842b 1300 | 0041 3be8 | 0f8c ef09 | 0000 4883 | c7f0 48c1 
  0x000001ebb31bdc74: ef03 498b | ca49 8bd3 | 4c8b c7c5 | f877 49ba | 8070 a3b2 | eb01 0000 

  0x000001ebb31bdc8c: ;   {other}
  0x000001ebb31bdc8c: 41ff d20f | 1f84 0000 | 0000 0041 | 807f 4000 | 0f85 2108 | 0000 4c8b | d34c 8bc6 | 4489 4314 
  0x000001ebb31bdcac: 4c8b de4d | 33da 49c1 | eb14 4d85 | db74 1a49 | c1ea 0948 | b900 004d | baeb 0100 | 0049 03ca 
  0x000001ebb31bdccc: 8039 020f | 8521 0800 | 0044 8863 | 1048 8bd3 | 4c8b 5424 | 304c 8954 | 2420 6690 

  0x000001ebb31bdce8: ;   {optimized virtual_call}
  0x000001ebb31bdce8: c5f8 77e8 

  0x000001ebb31bdcec: ; ImmutableOopMap {[32]=Oop [40]=Oop [48]=Oop [72]=Oop }
                      ;*invokevirtual intern {reexecute=0 rethrow=0 return_oop=1}
                      ; - java.lang.Class::getPackageName@65
                      ; - java.lang.ClassLoader::postDefineClass@2
                      ; - java.lang.ClassLoader::defineClass@37
                      ; - java.security.SecureClassLoader::defineClass@12
  0x000001ebb31bdcec: 688f dfff 

  0x000001ebb31bdcf0: ;   {other}
  0x000001ebb31bdcf0: 0f1f 8400 | e00e 0006 | 488b d841 | 807f 4000 | 0f85 3906 | 0000 4c8b | db4c 8b54 | 2430 4589 
  0x000001ebb31bdd10: 5a3c 4c8b | db4d 33da | 49c1 eb14 | 4d85 db74 | 1f48 85db | 741a 49c1 | ea09 48b9 | 0000 4dba 
  0x000001ebb31bdd30: eb01 0000 | 4903 ca80 | 3902 0f85 | 3706 0000 | 4c8b 5424 | 2845 8b42 | 3845 85c0 | 0f84 ba0d 
  0x000001ebb31bdd50: 0000 4c8b | eb8b 430c | 4c8b 5424 | 3045 8b4a | 3085 c075 | 5e44 0fb6 | 5311 4585 | d20f 85bd 
  0x000001ebb31bdd70: 0900 0044 | 8b53 1449 | 8be8 498b | d280 7b10 | 000f 8506 | 0c00 0044 | 894c 243c | 4489 4424 
  0x000001ebb31bdd90: 3848 895c | 2420 6690 

  0x000001ebb31bdd98: ;   {static_call}
  0x000001ebb31bdd98: c5f8 77e8 

  0x000001ebb31bdd9c: ; ImmutableOopMap {rbp=Oop [32]=Oop [40]=Oop [48]=Oop [56]=NarrowOop [60]=NarrowOop [72]=Oop }
                      ;*invokestatic hashCode {reexecute=0 rethrow=0 return_oop=0}
                      ; - java.lang.String::hashCode@27
                      ; - java.util.concurrent.ConcurrentHashMap::get@1
                      ; - java.lang.ClassLoader::getNamedPackage@5
                      ; - java.lang.ClassLoader::postDefineClass@9
                      ; - java.lang.ClassLoader::defineClass@37
                      ; - java.security.SecureClassLoader::defineClass@12
  0x000001ebb31bdd9c: e01a 89ff 

  0x000001ebb31bdda0: ;   {other}
  0x000001ebb31bdda0: 0f1f 8400 | 900f 0007 | 85c0 0f84 | 010c 0000 | 4c8b 6c24 | 2041 8945 | 0c44 8b44 | 2438 448b 
  0x000001ebb31bddc0: 4c24 3c41 | 8b48 2885 | c90f 8491 | 0000 0044 | 8b41 0c45 | 85c0 0f86 | 0410 0000 | 448b d841 
  0x000001ebb31bdde0: c1eb 1044 | 33d8 41ff | c841 81e3 | ffff ff7f | 4523 c34d | 63d0 468b | 4491 1045 | 85c0 7460 
  0x000001ebb31bde00: 418b 680c | 413b eb74 | 3b85 ed0f | 8d2f 0300 | 00ba 45ff | ffff 4c8b | 5424 484c | 8954 2438 
  0x000001ebb31bde20: 4489 4c24 | 504c 896c | 2458 4489 | 4424 5444 | 895c 2460 

  0x000001ebb31bde34: ;   {runtime_call UncommonTrapBlob}
  0x000001ebb31bde34: c5f8 77e8 

  0x000001ebb31bde38: ; ImmutableOopMap {[40]=Oop [48]=Oop [56]=Oop [80]=NarrowOop [84]=NarrowOop [88]=Oop }
                      ;*ifge {reexecute=1 rethrow=0 return_oop=0}
                      ; - (reexecute) java.util.concurrent.ConcurrentHashMap::get@86
                      ; - java.lang.ClassLoader::getNamedPackage@5
                      ; - java.lang.ClassLoader::postDefineClass@9
                      ; - java.lang.ClassLoader::defineClass@37
                      ; - java.security.SecureClassLoader::defineClass@12
  0x000001ebb31bde38: c49e 89ff 

  0x000001ebb31bde3c: ;   {other}
  0x000001ebb31bde3c: 0f1f 8400 | 2c10 0008 | 418b 6810 | 4c8b d54d | 3bd5 0f85 | dc01 0000 | 418b 6814 | 85ed 0f85 
  0x000001ebb31bde5c: 7403 0000 | 498b 87b8 | 0100 004c | 8bd0 4983 | c218 4d3b | 97c8 0100 | 000f 83e3 | 0a00 004d 
  0x000001ebb31bde7c: 8997 b801 | 0000 410f | 0d8a c000 | 0000 48c7 | 0001 0000 

  0x000001ebb31bde90: ;   {metadata('java/lang/NamedPackage')}
  0x000001ebb31bde90: 00c7 4008 | 5d2d 0120 | 4489 600c | 4c8b d049 | 83c2 10c5 | fdef c0c4 | c179 d602 | 4c89 6c24 
  0x000001ebb31bdeb0: 2044 894c | 2438 4889 | 4424 4048 | 8b54 2420 

  0x000001ebb31bdec0: ;   {optimized virtual_call}
  0x000001ebb31bdec0: c5f8 77e8 

  0x000001ebb31bdec4: ; ImmutableOopMap {[32]=Oop [40]=Oop [48]=Oop [56]=NarrowOop [64]=Oop [72]=Oop }
                      ;*invokevirtual isEmpty {reexecute=0 rethrow=0 return_oop=0}
                      ; - java.lang.NamedPackage::<init>@5
                      ; - java.lang.ClassLoader::getNamedPackage@22
                      ; - java.lang.ClassLoader::postDefineClass@9
                      ; - java.lang.ClassLoader::defineClass@37
                      ; - java.security.SecureClassLoader::defineClass@12
  0x000001ebb31bdec4: 787c e8ff 

  0x000001ebb31bdec8: ;   {other}
  0x000001ebb31bdec8: 0f1f 8400 | b810 0009 | 85c0 742c | 448b 5424 | 3845 85d2 | 0f84 3210 | 0000 498b | d266 6690 
  0x000001ebb31bdee8: ;   {optimized virtual_call}
  0x000001ebb31bdee8: c5f8 77e8 

  0x000001ebb31bdeec: ; ImmutableOopMap {[32]=Oop [40]=Oop [48]=Oop [56]=NarrowOop [64]=Oop [72]=Oop }
                      ;*invokevirtual isNamed {reexecute=0 rethrow=0 return_oop=0}
                      ; - java.lang.NamedPackage::<init>@12
                      ; - java.lang.ClassLoader::getNamedPackage@22
                      ; - java.lang.ClassLoader::postDefineClass@9
                      ; - java.lang.ClassLoader::defineClass@37
                      ; - java.security.SecureClassLoader::defineClass@12
  0x000001ebb31bdeec: 5023 4af8 

  0x000001ebb31bdef0: ;   {other}
  0x000001ebb31bdef0: 0f1f 8400 | e010 000a | 85c0 0f85 | 2c10 0000 | 448b 5424 | 3849 8bea | 488b 5424 | 2066 6690 
  0x000001ebb31bdf10: ;   {optimized virtual_call}
  0x000001ebb31bdf10: c5f8 77e8 

  0x000001ebb31bdf14: ; ImmutableOopMap {rbp=Oop [32]=Oop [40]=Oop [48]=Oop [56]=NarrowOop [64]=Oop [72]=Oop }
                      ;*invokevirtual intern {reexecute=0 rethrow=0 return_oop=1}
                      ; - java.lang.NamedPackage::<init>@47
                      ; - java.lang.ClassLoader::getNamedPackage@22
                      ; - java.lang.ClassLoader::postDefineClass@9
                      ; - java.lang.ClassLoader::defineClass@37
                      ; - java.security.SecureClassLoader::defineClass@12
  0x000001ebb31bdf14: 408d dfff 

  0x000001ebb31bdf18: ;   {other}
  0x000001ebb31bdf18: 0f1f 8400 | 0811 000b | 488b d841 | 807f 4000 | 0f85 5106 | 0000 4c8b | d34c 8b5c | 2440 4589 
  0x000001ebb31bdf38: 530c 4d8b | d34c 8bdb | 4d33 da49 | c1eb 144d | 85db 741f | 4885 db74 | 1a49 c1ea | 0948 b900 
  0x000001ebb31bdf58: 004d baeb | 0100 0049 | 03ca 8039 | 020f 85a1 | 0600 0041 | 807f 4000 | 0f85 d105 | 0000 4c8b 
  0x000001ebb31bdf78: 5424 4044 | 8b5c 2438 | 4589 5a10 | 4c8b d54c | 8b5c 2440 | 4d33 d349 | c1ea 144d | 85d2 7420 
  0x000001ebb31bdf98: 448b 4424 | 3845 85c0 | 7416 49c1 | eb09 4c8b | 4424 684d | 03c3 4180 | 3802 0f85 | ff05 0000 
  0x000001ebb31bdfb8: 4c8b 5424 | 2845 8b52 | 3845 85d2 | 0f84 420d | 0000 498b | d24c 8b44 | 2420 4c8b | 4c24 4048 
  0x000001ebb31bdfd8: 8b6c 2430 

  0x000001ebb31bdfdc: ;   {optimized virtual_call}
  0x000001ebb31bdfdc: c5f8 77e8 

  0x000001ebb31bdfe0: ; ImmutableOopMap {rbp=Oop [40]=Oop [48]=Oop [56]=NarrowOop [64]=Oop [72]=Oop }
                      ;*invokevirtual putIfAbsent {reexecute=0 rethrow=0 return_oop=1}
                      ; - java.lang.ClassLoader::getNamedPackage@32
                      ; - java.lang.ClassLoader::postDefineClass@9
                      ; - java.lang.ClassLoader::defineClass@37
                      ; - java.security.SecureClassLoader::defineClass@12
  0x000001ebb31bdfe0: 5c38 ebff 

  0x000001ebb31bdfe4: ;   {other}
  0x000001ebb31bdfe4: 0f1f 8400 | d411 000c | 4885 c00f | 8401 0200 | 0044 8b50 | 084d 33db | 4f8d 1cd3 | 4d8b 5338 
  0x000001ebb31be004: ;   {metadata('java/lang/NamedPackage')}
  0x000001ebb31be004: 49bb e86a | 0900 0100 | 0000 4d3b | d30f 8518 | 0d00 0048 | 8be8 ba54 | ffff ff90 

  0x000001ebb31be020: ;   {runtime_call UncommonTrapBlob}
  0x000001ebb31be020: c5f8 77e8 

  0x000001ebb31be024: ; ImmutableOopMap {rbp=Oop [40]=Oop [48]=Oop [56]=NarrowOop [64]=Oop [72]=Oop }
                      ;*ifnull {reexecute=1 rethrow=0 return_oop=0}
                      ; - (reexecute) java.lang.ClassLoader::getNamedPackage@42
                      ; - java.lang.ClassLoader::postDefineClass@9
                      ; - java.lang.ClassLoader::defineClass@37
                      ; - java.security.SecureClassLoader::defineClass@12
  0x000001ebb31be024: d89c 89ff 

  0x000001ebb31be028: ;   {other}
  0x000001ebb31be028: 0f1f 8400 | 1812 000d 

  0x000001ebb31be030: ; implicit exception: dispatches to 0x000001ebb31bf4c8
  0x000001ebb31be030: 8b4d 084c | 8bd5 4d3b | ea0f 8415 

  0x000001ebb31be03c: ;   {metadata('java/lang/String')}
  0x000001ebb31be03c: feff ff81 | f912 8400 | 200f 85f5 | 0000 0041 | 0fbe 4d10 | 410f be6a | 103b cd0f | 855b 1100 
  0x000001ebb31be05c: 0041 8b5a | 1445 8b55 | 148b 530c | 418b 4a0c | 3bca 0f85 | cc00 0000 | 488b fb48 | 8d73 1049 
  0x000001ebb31be07c: 8bda 498d | 7a10 85c9 | 0f84 9d00 | 0000 8bc1 | 83e0 1f83 | e1e0 0f84 | 4b00 0000 | 488d 3c0f 
  0x000001ebb31be09c: 488d 340e | 48f7 d9c5 | fe6f 040f | c5fe 6f0c | 0ec5 fdef | c1c4 e27d | 17c0 0f85 | 7200 0000 
  0x000001ebb31be0bc: 4883 c120 | 75e1 85c0 | 0f84 5d00 | 0000 c5fe | 6f44 07e0 | c5fe 6f4c | 06e0 c5fd | efc1 c4e2 
  0x000001ebb31be0dc: 7d17 c075 | 4deb 448b | c883 e1fc | 7419 488d | 3c0f 488d | 340e 48f7 | d98b 1c0f | 3b1c 0e75 
  0x000001ebb31be0fc: 3148 83c1 | 0475 f2a8 | 0274 120f | b71f 0fb7 | 0e3b d975 | 1d48 8d7f | 0248 8d76 | 02a8 0174 
  0x000001ebb31be11c: 0a0f b61f | 0fb6 0e3b | d975 07b8 | 0100 0000 | eb02 33c0 | c5fd efc0 | c5f5 efc9 | 85c0 0f85 
  0x000001ebb31be13c: ;   {no_reloc}
  0x000001ebb31be13c: 14fd ffff | 458b 4018 | 4585 c00f | 8413 fdff | ff49 8bd8 | 448b 430c | 498b bf50 

  0x000001ebb31be158: ; ImmutableOopMap {r9=NarrowOop rbx=Oop r13=Oop [40]=Oop [48]=Oop [72]=Oop }
                      ;*if_icmpne {reexecute=1 rethrow=0 return_oop=0}
                      ; - (reexecute) java.util.concurrent.ConcurrentHashMap::get@127
                      ; - java.lang.ClassLoader::getNamedPackage@5
                      ; - java.lang.ClassLoader::postDefineClass@9
                      ; - java.lang.ClassLoader::defineClass@37
                      ; - java.security.SecureClassLoader::defineClass@12
                      ;   {poll}
  0x000001ebb31be158: 0400 0085 | 0745 3bc3 | 7412 448b | 5318 4585 | d20f 84f1 | fcff ff49 | 8bda ebdc | 8b6b 104c 
  0x000001ebb31be178: 8bd5 4d3b | d574 4a85 | ed0f 8469 | 1000 0048 | 895c 2440 | 4489 5c24 | 3c44 894c | 2438 4c89 
  0x000001ebb31be198: 6c24 204c | 8bc5 498b | d549 8bed 

  0x000001ebb31be1a4: ;   {optimized virtual_call}
  0x000001ebb31be1a4: c5f8 77e8 

  0x000001ebb31be1a8: ; ImmutableOopMap {rbp=Oop [32]=Oop [40]=Oop [48]=Oop [56]=NarrowOop [64]=Oop [72]=Oop }
                      ;*invokevirtual equals {reexecute=0 rethrow=0 return_oop=0}
                      ; - java.util.concurrent.ConcurrentHashMap::get@149
                      ; - java.lang.ClassLoader::getNamedPackage@5
                      ; - java.lang.ClassLoader::postDefineClass@9
                      ; - java.lang.ClassLoader::defineClass@37
                      ; - java.security.SecureClassLoader::defineClass@12
  0x000001ebb31be1a8: 14bb efff 

  0x000001ebb31be1ac: ;   {other}
  0x000001ebb31be1ac: 0f1f 8400 | 9c13 000f | 85c0 0f84 | 6810 0000 | 4c8b ed44 | 8b4c 2438 | 488b 5c24 | 408b 6b14 
  0x000001ebb31be1cc: 85ed 0f84 | 8cfc ffff | 448b 5508 | 4d33 db4f | 8d1c d34d 

  0x000001ebb31be1e0: ;   {metadata('java/lang/NamedPackage')}
  0x000001ebb31be1e0: 8b53 3849 | bbe8 6a09 | 0001 0000 | 004d 3bd3 | 0f85 d20b | 0000 4c8b | 5424 4845 | 8b5a 1041 
  0x000001ebb31be200: 8b6b 1485 | ed0f 8575 | 0f00 0041 | 8b6b 1085 | ed0f 8585 | 0f00 0048 | 8b44 2430 | c5f8 7748 
  0x000001ebb31be220: 81c4 b000 

  0x000001ebb31be224: ;   {poll_return}
  0x000001ebb31be224: 0000 5d49 | 3ba7 4804 | 0000 0f87 | 4813 0000 | c34c 8b6c | 2430 e9e2 | f5ff ff48 | 8bd0 6690 
  0x000001ebb31be244: ;   {optimized virtual_call}
  0x000001ebb31be244: c5f8 77e8 

  0x000001ebb31be248: ; ImmutableOopMap {[40]=Oop [48]=Oop [72]=Oop [144]=Oop }
                      ;*invokevirtual initClassName {reexecute=0 rethrow=0 return_oop=1}
                      ; - java.lang.Class::getName@14
                      ; - java.lang.Class::getPackageName@40
                      ; - java.lang.ClassLoader::postDefineClass@2
                      ; - java.lang.ClassLoader::defineClass@37
                      ; - java.security.SecureClassLoader::defineClass@12
  0x000001ebb31be248: 0ce9 dfff 

  0x000001ebb31be24c: ;   {other}
  0x000001ebb31be24c: 0f1f 8400 | 3c14 0010 | 4885 c00f | 85f5 f6ff | ffba f6ff | ffff 6690 

  0x000001ebb31be264: ;   {runtime_call UncommonTrapBlob}
  0x000001ebb31be264: c5f8 77e8 

  0x000001ebb31be268: ; ImmutableOopMap {}
                      ;*invokevirtual lastIndexOf {reexecute=0 rethrow=0 return_oop=0}
                      ; - java.lang.Class::getPackageName@47
                      ; - java.lang.ClassLoader::postDefineClass@2
                      ; - java.lang.ClassLoader::defineClass@37
                      ; - java.security.SecureClassLoader::defineClass@12
  0x000001ebb31be268: 949a 89ff 

  0x000001ebb31be26c: ;   {other}
  0x000001ebb31be26c: 0f1f 8400 | 5c14 0011 | 488b d8e9 | 5dfa ffff | 8bcf e92b | f3ff ff45 | 8bc1 e914 | f8ff ff33 
  0x000001ebb31be28c: f6b9 ffff | ffff e91c 

  0x000001ebb31be294: ;   {oop(""{0x0000000080804740})}
  0x000001ebb31be294: f3ff ff48 | bb40 4780 | 8000 0000 | 0049 ba00 | 004d baeb | 0100 004c | 8954 2468 | 41b8 ffff 
  0x000001ebb31be2b4: ffff e9e4 | f7ff ff45 | 8b55 1445 | 85d2 0f84 | 25f5 ffff | 4d8b 4728 | 498b ca4d | 85c0 0f84 
  0x000001ebb31be2d4: 700c 0000 | 4d8b 5738 | 4b89 4c02 | f849 83c0 | f84d 8947 | 28e9 fff4 | ffff 4d8b | 5748 4d8b 
  0x000001ebb31be2f4: 5f58 f083 | 4424 c000 | 8039 000f | 8418 f5ff | ff44 8821 | 4d85 d275 | 2049 8bd7 | c5f8 7749 
  0x000001ebb31be314: baf0 2156 | 98fe 7f00 | 0041 ffd2 

  0x000001ebb31be320: ;   {other}
  0x000001ebb31be320: 0f1f 8400 | 0000 0000 | e9f0 f4ff | ff4b 894c | 13f8 4983 | c2f8 4d89 | 5748 e9de | f4ff ff4c 
  0x000001ebb31be340: 8b54 2430 | 458b 523c | 4585 d20f | 84b5 f9ff | ff4d 8b5f | 2849 8bca | 4d85 db0f | 840f 0d00 
  0x000001ebb31be360: 004d 8b57 | 384b 894c | 1af8 4983 | c3f8 4d89 | 5f28 e98f | f9ff ff4d | 8b57 584d | 8b5f 48f0 
  0x000001ebb31be380: 8344 24c0 | 0080 3900 | 0f84 b2f9 | ffff 4488 | 214d 85db | 7520 498b | d7c5 f877 | 49ba f021 
  0x000001ebb31be3a0: 5698 fe7f | 0000 41ff 

  0x000001ebb31be3a8: ;   {other}
  0x000001ebb31be3a8: d20f 1f84 | 0000 0000 | 00e9 8af9 | ffff 4b89 | 4c1a f849 | 83c3 f84d | 895f 48e9 | 78f9 ffff 
  0x000001ebb31be3c8: 4c63 c549 | 8d48 1048 | 8bd1 4883 | e2f8 498b | fb48 03fa | 48c1 e903 | 4c2b c949 | 8bc9 4833 
  0x000001ebb31be3e8: c048 83f9 | 087f 1048 | ffc9 7856 | 4889 04cf | 48ff c97d | f7eb 4bc5 | fdef c0e9 | 0d00 0000 
  0x000001ebb31be408: c5fe 7f07 | c5fe 7f47 | 2048 83c7 | 4048 83e9 | 087d ed48 | 83c1 047c | 0cc5 fe7f | 0748 83c7 
  0x000001ebb31be428: 2048 83e9 | 0448 83c1 | 047e 1748 | c7c0 ffff | ffff c4e2 | f0f5 c0c4 | e1fb 92f8 | 62f1 fe2f 
  0x000001ebb31be448: 7f07 4983 | f820 772d | 4c63 c549 | b9ff ffff | ffff ffff | ffc4 42b8 | f5c9 c4c1 | fb92 f94c 
  0x000001ebb31be468: 8b44 2420 | 62d1 7faf | 6f00 62d1 | 7f2f 7f02 | e965 f3ff | ff4d 8bca | 4c89 5c24 | 504c 896c 
  0x000001ebb31be488: 2448 4c8b | eb8b ee48 | 8b4c 2420 | 498b d1c5 | f877 49ba | c04d a3b2 | eb01 0000 

  0x000001ebb31be4a4: ;   {other}
  0x000001ebb31be4a4: 41ff d20f | 1f84 0000 | 0000 008b | f549 8bdd | 4c8b 6c24 | 484c 8b5c | 2450 e91f | f3ff ff44 
  0x000001ebb31be4c4: 8b53 1445 | 85d2 0f84 | d2f7 ffff | 4d8b 5f28 | 498b ca4d | 85db 0f84 | 1c0c 0000 | 4d8b 5738 
  0x000001ebb31be4e4: 4b89 4c1a | f849 83c3 | f84d 895f | 28e9 acf7 | ffff 4d8b | 5748 4d8b | 5f58 f083 | 4424 c000 
  0x000001ebb31be504: 8039 000f | 84c8 f7ff | ff44 8821 | 4d85 d275 | 2049 8bd7 | c5f8 7749 | baf0 2156 | 98fe 7f00 
  0x000001ebb31be524: 0041 ffd2 

  0x000001ebb31be528: ;   {other}
  0x000001ebb31be528: 0f1f 8400 | 0000 0000 | e9a0 f7ff | ff4b 894c | 13f8 4983 | c2f8 4d89 | 5748 e98e | f7ff ff4c 
  0x000001ebb31be548: 8b54 2440 | 458b 5210 | 4585 d20f | 841d faff | ff4d 8b5f | 2849 8bca | 4d85 db0f | 84b3 0b00 
  0x000001ebb31be568: 004d 8b57 | 384b 894c | 1af8 4983 | c3f8 4d89 | 5f28 e9f7 | f9ff ff4c | 8b54 2440 | 458b 5a0c 
  0x000001ebb31be588: 4585 db0f | 849d f9ff | ff4d 8b57 | 2849 8bcb | 4d85 d20f | 849b 0b00 | 004d 8b5f | 384b 894c 
  0x000001ebb31be5a8: 13f8 4983 | c2f8 4d89 | 5728 e977 | f9ff ff4d | 8b57 484d | 8b5f 58f0 | 8344 24c0 | 0041 8038 
  0x000001ebb31be5c8: 000f 84e9 | f9ff ff45 | 8820 4d85 | d275 2349 | 8bc8 498b | d7c5 f877 | 49ba f021 | 5698 fe7f 
  0x000001ebb31be5e8: 0000 41ff 

  0x000001ebb31be5ec: ;   {other}
  0x000001ebb31be5ec: d20f 1f84 | 0000 0000 | 00e9 bef9 | ffff 4f89 | 4413 f849 | 83c2 f84d | 8957 48e9 | acf9 ffff 
  0x000001ebb31be60c: 4d8b 5758 | 4d8b 5f48 | f083 4424 | c000 8039 | 000f 8448 | f9ff ff44 | 8821 4d85 | db75 2049 
  0x000001ebb31be62c: 8bd7 c5f8 | 7749 baf0 | 2156 98fe | 7f00 0041 

  0x000001ebb31be63c: ;   {other}
  0x000001ebb31be63c: ffd2 0f1f | 8400 0000 | 0000 e920 | f9ff ff4b | 894c 1af8 | 4983 c3f8 | 4d89 5f48 | e90e f9ff 
  0x000001ebb31be65c: ff4c 63c5 | 498d 4810 | 488b d148 | 83e2 f848 | 8bfe 4803 | fa48 c1e9 | 034c 2bc9 | 498b c948 
  0x000001ebb31be67c: 33c0 4883 | f908 7f10 | 48ff c978 | 5648 8904 | cf48 ffc9 | 7df7 eb4b | c5fd efc0 | e90d 0000 
  0x000001ebb31be69c: 00c5 fe7f | 07c5 fe7f | 4720 4883 | c740 4883 | e908 7ded | 4883 c104 | 7c0c c5fe | 7f07 4883 
  0x000001ebb31be6bc: c720 4883 | e904 4883 | c104 7e17 | 48c7 c0ff | ffff ffc4 | e2f0 f5c0 | c4e1 fb92 | f862 f1fe 
  0x000001ebb31be6dc: 2f7f 0749 | 83f8 2077 | 284c 63c5 | 49b9 ffff | ffff ffff | ffff c442 | b8f5 c9c4 | c1fb 92f9 
  0x000001ebb31be6fc: 62d1 7faf | 6f02 62d1 | 7f2f 7f03 | e98a f5ff | ff49 8bca | 498b d3c5 | f877 49ba | c04d a3b2 
  0x000001ebb31be71c: eb01 0000 

  0x000001ebb31be720: ;   {other}
  0x000001ebb31be720: 41ff d20f | 1f84 0000 | 0000 00e9 | 67f5 ffff | 33c0 e98c 

  0x000001ebb31be734: ;   {oop(""{0x0000000080804740})}
  0x000001ebb31be734: f6ff ff49 | bd40 4780 | 8000 0000 | 00e9 dbf0 

  0x000001ebb31be744: ;   {oop(""{0x0000000080804740})}
  0x000001ebb31be744: ffff 49bd | 4047 8080 | 0000 0000 | e9cc f0ff 

  0x000001ebb31be754: ;   {metadata('java/security/SecureClassLoader$CodeSourceKey')}
  0x000001ebb31be754: ff48 bae8 | 7b09 0001 | 0000 0090 

  0x000001ebb31be760: ;   {runtime_call _new_instance_Java}
  0x000001ebb31be760: c5f8 77e8 

  0x000001ebb31be764: ; ImmutableOopMap {rbp=Oop [40]=Oop [48]=Oop [56]=Oop }
                      ;*new {reexecute=0 rethrow=0 return_oop=1}
                      ; - java.security.SecureClassLoader::getProtectionDomain@6
                      ; - java.security.SecureClassLoader::defineClass@9
  0x000001ebb31be764: 1804 8dff 

  0x000001ebb31be768: ;   {other}
  0x000001ebb31be768: 0f1f 8400 | 5819 0012 | 4c8b c0e9 | 02eb ffff 

  0x000001ebb31be778: ;   {metadata('java/security/SecureClassLoader$1')}
  0x000001ebb31be778: 48ba 287e | 0900 0100 | 0000 4c89 | 4424 5090 

  0x000001ebb31be788: ;   {runtime_call _new_instance_Java}
  0x000001ebb31be788: c5f8 77e8 

  0x000001ebb31be78c: ; ImmutableOopMap {rbp=NarrowOop [40]=Oop [48]=Oop [56]=Oop [80]=Oop }
                      ;*new {reexecute=0 rethrow=0 return_oop=1}
                      ; - java.security.SecureClassLoader::getProtectionDomain@20
                      ; - java.security.SecureClassLoader::defineClass@9
  0x000001ebb31be78c: f003 8dff 

  0x000001ebb31be790: ;   {other}
  0x000001ebb31be790: 0f1f 8400 | 8019 0013 | 4c8b c84c | 8b44 2450 | e91e ebff 

  0x000001ebb31be7a4: ;   {oop(""{0x0000000080804740})}
  0x000001ebb31be7a4: ff48 bb40 | 4780 8000 | 0000 00e9 | 25f5 ffff | 894c 2478 | 4489 7424 | 5c48 895c | 2470 4c89 
  0x000001ebb31be7c4: 4424 68c5 | fb11 4424 | 6089 7424 | 5844 895c | 2454 4489 | 5424 504c | 8b94 2490 | 0000 004c 
  0x000001ebb31be7e4: 8954 2448 | 4c8b 5424 | 304c 8954 | 2420 488b 

  0x000001ebb31be7f4: ;   {metadata('java/lang/String')}
  0x000001ebb31be7f4: 6c24 2848 | ba90 2004 | 0001 0000 | 0066 6690 

  0x000001ebb31be804: ;   {runtime_call _new_instance_Java}
  0x000001ebb31be804: c5f8 77e8 

  0x000001ebb31be808: ; ImmutableOopMap {rbp=Oop [32]=Oop [56]=Oop [72]=Oop [80]=NarrowOop [92]=NarrowOop [96]=Oop [104]=Derived_oop_[96] [112]=Oop [144]=Oop }
                      ;*new {reexecute=0 rethrow=0 return_oop=1}
                      ; - java.lang.StringLatin1::newString@7
                      ; - java.lang.String::substring@41
                      ; - java.lang.ClassLoader::checkCerts@21
                      ; - java.lang.ClassLoader::preDefineClass@113
                      ; - java.lang.ClassLoader::defineClass@4
                      ; - java.security.SecureClassLoader::defineClass@12
  0x000001ebb31be808: 7403 8dff 

  0x000001ebb31be80c: ;   {other}
  0x000001ebb31be80c: 0f1f 8400 | fc19 0014 | 4889 6c24 | 284c 8b54 | 2420 4c89 | 5424 3044 | 8b54 2450 | 448b 5c24 
  0x000001ebb31be82c: 548b 7424 | 58c5 fb10 | 4424 604c | 8b4c 2468 | 4c89 4c24 | 2048 8b5c | 2470 448b | 7424 5c8b 
  0x000001ebb31be84c: 4c24 784c | 8be8 e9da | edff ff4c | 8984 2488 | 0000 004c | 898c 2480 | 0000 004c | 896c 2478 
  0x000001ebb31be86c: 894c 2470 | 4489 7424 | 5448 895c | 2468 4c8b | 5424 204c | 8954 2460 | c5fb 1144 | 2458 8974 
  0x000001ebb31be88c: 2450 4c8b | 9424 9000 | 0000 4c89 | 5424 484c | 8b54 2428 | 4c89 5424 

  0x000001ebb31be8a4: ;   {metadata({type array byte})}
  0x000001ebb31be8a4: 2048 bac8 | 0a04 0001 | 0000 0044 | 8bc1 6690 

  0x000001ebb31be8b4: ;   {runtime_call _new_array_nozero_Java}
  0x000001ebb31be8b4: c5f8 77e8 

  0x000001ebb31be8b8: ; ImmutableOopMap {[32]=Oop [48]=Oop [56]=Oop [72]=Oop [84]=NarrowOop [88]=Oop [96]=Derived_oop_[88] [104]=Oop [120]=Oop }
                      ;*newarray {reexecute=0 rethrow=0 return_oop=1}
                      ; - java.util.Arrays::copyOfRangeByte@10
                      ; - java.util.Arrays::copyOfRange@13
                      ; - java.lang.StringLatin1::newString@16
                      ; - java.lang.String::substring@41
                      ; - java.lang.ClassLoader::checkCerts@21
                      ; - java.lang.ClassLoader::preDefineClass@113
                      ; - java.lang.ClassLoader::defineClass@4
                      ; - java.security.SecureClassLoader::defineClass@12
  0x000001ebb31be8b8: 44fc 8cff 

  0x000001ebb31be8bc: ;   {other}
  0x000001ebb31be8bc: 0f1f 8400 | ac1a 0015 | 4c8b 5c24 | 204c 895c | 2428 4c8b | 5c24 484c | 899c 2490 | 0000 008b 
  0x000001ebb31be8dc: 7424 504c | 8b5c 2460 | 4c89 5c24 | 2048 8b5c | 2468 448b | 7424 548b | 4c24 704c | 8b6c 2478 
  0x000001ebb31be8fc: 4c8b 8c24 | 8000 0000 | 4c8b 8424 | 8800 0000 | 4c8b d8e9 | 85ee ffff | 4489 4424 | 4089 7c24 
  0x000001ebb31be91c: 3c44 895c | 2438 4c8b | 5424 304c | 8954 2420 

  0x000001ebb31be92c: ;   {metadata('java/lang/String')}
  0x000001ebb31be92c: 48ba 9020 | 0400 0100 | 0000 6690 

  0x000001ebb31be938: ;   {runtime_call _new_instance_Java}
  0x000001ebb31be938: c5f8 77e8 

  0x000001ebb31be93c: ; ImmutableOopMap {[32]=Oop [40]=Oop [48]=Oop [56]=NarrowOop [72]=Oop [136]=Oop }
                      ;*new {reexecute=0 rethrow=0 return_oop=1}
                      ; - java.lang.StringLatin1::newString@7
                      ; - java.lang.String::substring@41
                      ; - java.lang.Class::getPackageName@62
                      ; - java.lang.ClassLoader::postDefineClass@2
                      ; - java.lang.ClassLoader::defineClass@37
                      ; - java.security.SecureClassLoader::defineClass@12
  0x000001ebb31be93c: 4002 8dff 

  0x000001ebb31be940: ;   {other}
  0x000001ebb31be940: 0f1f 8400 | 301b 0016 | 448b 5c24 | 388b 7c24 | 3c44 8b44 | 2440 488b | d8e9 bbf1 | ffff 4489 
  0x000001ebb31be960: 4c24 384c | 896c 2420 

  0x000001ebb31be968: ;   {metadata('java/lang/NamedPackage')}
  0x000001ebb31be968: 48ba e86a | 0900 0100 | 0000 488b | 6c24 3090 

  0x000001ebb31be978: ;   {runtime_call _new_instance_Java}
  0x000001ebb31be978: c5f8 77e8 

  0x000001ebb31be97c: ; ImmutableOopMap {rbp=Oop [32]=Oop [40]=Oop [48]=Oop [56]=NarrowOop [72]=Oop }
                      ;*new {reexecute=0 rethrow=0 return_oop=1}
                      ; - java.lang.ClassLoader::getNamedPackage@16
                      ; - java.lang.ClassLoader::postDefineClass@9
                      ; - java.lang.ClassLoader::defineClass@37
                      ; - java.security.SecureClassLoader::defineClass@12
  0x000001ebb31be97c: 0002 8dff 

  0x000001ebb31be980: ;   {other}
  0x000001ebb31be980: 0f1f 8400 | 701b 0017 | e929 f5ff | ff44 894c | 243c 4489 | 4424 3848 | 895c 2420 

  0x000001ebb31be99c: ;   {static_call}
  0x000001ebb31be99c: c5f8 77e8 

  0x000001ebb31be9a0: ; ImmutableOopMap {rbp=Oop [32]=Oop [40]=Oop [48]=Oop [56]=NarrowOop [60]=NarrowOop [72]=Oop }
                      ;*invokestatic hashCode {reexecute=0 rethrow=0 return_oop=0}
                      ; - java.lang.String::hashCode@37
                      ; - java.util.concurrent.ConcurrentHashMap::get@1
                      ; - java.lang.ClassLoader::getNamedPackage@5
                      ; - java.lang.ClassLoader::postDefineClass@9
                      ; - java.lang.ClassLoader::defineClass@37
                      ; - java.security.SecureClassLoader::defineClass@12
  0x000001ebb31be9a0: dc0e 89ff 

  0x000001ebb31be9a4: ;   {other}
  0x000001ebb31be9a4: 0f1f 8400 | 941b 0018 | e9f7 f3ff | ff4c 8b6c | 2420 41c6 | 4511 0133 | c044 8b44 | 2438 448b 
  0x000001ebb31be9c4: 4c24 3ce9 | f7f3 ffff | 4c89 4424 | 684c 896c | 2460 4489 | 7424 4c48 | 895c 2458 | c5fb 1144 
  0x000001ebb31be9e4: 2450 8974 | 2448 418b 

  0x000001ebb31be9ec: ;   {metadata({type array byte})}
  0x000001ebb31be9ec: ea48 bac8 | 0a04 0001 | 0000 0045 | 8bc3 6690 

  0x000001ebb31be9fc: ;   {runtime_call _new_array_nozero_Java}
  0x000001ebb31be9fc: c5f8 77e8 

  0x000001ebb31bea00: ; ImmutableOopMap {rbp=NarrowOop [40]=Oop [48]=Oop [56]=Oop [76]=NarrowOop [80]=Oop [32]=Derived_oop_[80] [88]=Oop [96]=Oop [144]=Oop }
                      ;*invokevirtual clone {reexecute=1 rethrow=0 return_oop=1}
                      ; - (reexecute) java.util.Arrays::copyOfRange@18
                      ; - java.lang.StringLatin1::newString@16
                      ; - java.lang.String::substring@41
                      ; - java.lang.ClassLoader::checkCerts@21
                      ; - java.lang.ClassLoader::preDefineClass@113
                      ; - java.lang.ClassLoader::defineClass@4
                      ; - java.security.SecureClassLoader::defineClass@12
  0x000001ebb31bea00: fcfa 8cff 

  0x000001ebb31bea04: ;   {other}
  0x000001ebb31bea04: 0f1f 8400 | f41b 0019 | 488b f8e9 | a5ec ffff | 4889 7c24 | 604c 894c | 2458 4c89 | 5424 5048 
  0x000001ebb31bea24: 895c 2440 | 4489 4424 | 384c 8b54 | 2468 4c89 

  0x000001ebb31bea34: ;   {metadata({type array byte})}
  0x000001ebb31bea34: 5424 2048 | bac8 0a04 | 0001 0000 | 0066 6690 

  0x000001ebb31bea44: ;   {runtime_call _new_array_nozero_Java}
  0x000001ebb31bea44: c5f8 77e8 

  0x000001ebb31bea48: ; ImmutableOopMap {[40]=Oop [48]=Oop [64]=Oop [72]=Oop [136]=Oop [80]=Derived_oop_[136] }
                      ;*newarray {reexecute=0 rethrow=0 return_oop=1}
                      ; - java.util.Arrays::copyOfRangeByte@10
                      ; - java.util.Arrays::copyOfRange@13
                      ; - java.lang.StringLatin1::newString@16
                      ; - java.lang.String::substring@41
                      ; - java.lang.Class::getPackageName@62
                      ; - java.lang.ClassLoader::postDefineClass@2
                      ; - java.lang.ClassLoader::defineClass@37
                      ; - java.security.SecureClassLoader::defineClass@12
  0x000001ebb31bea48: b4fa 8cff 

  0x000001ebb31bea4c: ;   {other}
  0x000001ebb31bea4c: 0f1f 8400 | 3c1c 001a | 4c8b 5424 | 204c 8954 | 2468 448b | 4424 3848 | 8b5c 2440 | 4c8b 5424 
  0x000001ebb31bea6c: 504c 8b4c | 2458 488b | 7c24 6048 | 8bf0 e9d3 | f1ff ff4c | 894c 2458 | 4c89 5424 | 5048 895c 
  0x000001ebb31bea8c: 2440 4489 | 5c24 384c | 8b54 2430 | 4c89 5424 | 2048 8b6c 

  0x000001ebb31beaa0: ;   {metadata({type array byte})}
  0x000001ebb31beaa0: 2468 48ba | c80a 0400 | 0100 0000 | 448b c790 

  0x000001ebb31beab0: ;   {runtime_call _new_array_nozero_Java}
  0x000001ebb31beab0: c5f8 77e8 

  0x000001ebb31beab4: ; ImmutableOopMap {[32]=Oop [40]=Oop [48]=Oop [56]=NarrowOop [64]=Oop [72]=Oop [136]=Oop [80]=Derived_oop_[136] }
                      ;*invokevirtual clone {reexecute=1 rethrow=0 return_oop=1}
                      ; - (reexecute) java.util.Arrays::copyOfRange@18
                      ; - java.lang.StringLatin1::newString@16
                      ; - java.lang.String::substring@41
                      ; - java.lang.Class::getPackageName@62
                      ; - java.lang.ClassLoader::postDefineClass@2
                      ; - java.lang.ClassLoader::defineClass@37
                      ; - java.security.SecureClassLoader::defineClass@12
  0x000001ebb31beab4: 48fa 8cff 

  0x000001ebb31beab8: ;   {other}
  0x000001ebb31beab8: 0f1f 8400 | a81c 001b | 4889 6c24 | 6848 8b5c | 2440 4c8b | 5424 504c | 8b4c 2458 | 488b f0e9 
  0x000001ebb31bead8: aff0 ffff | baf6 ffff | ff49 8bed 

  0x000001ebb31beae4: ;   {runtime_call UncommonTrapBlob}
  0x000001ebb31beae4: c5f8 77e8 

  0x000001ebb31beae8: ; ImmutableOopMap {rbp=Oop }
                      ;*invokevirtual putIfAbsent {reexecute=0 rethrow=0 return_oop=0}
                      ; - java.lang.ClassLoader::checkCerts@62
                      ; - java.lang.ClassLoader::preDefineClass@113
                      ; - java.lang.ClassLoader::defineClass@4
                      ; - java.security.SecureClassLoader::defineClass@12
  0x000001ebb31beae8: 1492 89ff 

  0x000001ebb31beaec: ;   {other}
  0x000001ebb31beaec: 0f1f 8400 | dc1c 001c | baf6 ffff | ff66 6690 

  0x000001ebb31beafc: ;   {runtime_call UncommonTrapBlob}
  0x000001ebb31beafc: c5f8 77e8 

  0x000001ebb31beb00: ; ImmutableOopMap {rbp=NarrowOop }
                      ;*invokevirtual toExternalForm {reexecute=0 rethrow=0 return_oop=0}
                      ; - java.net.URL::toExternalForm@5
                      ; - java.net.URL::toString@1
                      ; - java.lang.ClassLoader::defineClassSourceLocation@22
                      ; - java.lang.ClassLoader::defineClass@12
                      ; - java.security.SecureClassLoader::defineClass@12
  0x000001ebb31beb00: fc91 89ff 

  0x000001ebb31beb04: ;   {other}
  0x000001ebb31beb04: 0f1f 8400 | f41c 001d | baf6 ffff | ff48 8beb 

  0x000001ebb31beb14: ;   {runtime_call UncommonTrapBlob}
  0x000001ebb31beb14: c5f8 77e8 

  0x000001ebb31beb18: ; ImmutableOopMap {rbp=Oop }
                      ;*invokevirtual get {reexecute=0 rethrow=0 return_oop=0}
                      ; - java.lang.ClassLoader::getNamedPackage@5
                      ; - java.lang.ClassLoader::postDefineClass@9
                      ; - java.lang.ClassLoader::defineClass@37
                      ; - java.security.SecureClassLoader::defineClass@12
  0x000001ebb31beb18: e491 89ff 

  0x000001ebb31beb1c: ;   {other}
  0x000001ebb31beb1c: 0f1f 8400 | 0c1d 001e | ba76 ffff | ff41 8bea | 897c 2424 | 4889 5c24 | 5044 8974 | 2460 6690 
  0x000001ebb31beb3c: ;   {runtime_call UncommonTrapBlob}
  0x000001ebb31beb3c: c5f8 77e8 

  0x000001ebb31beb40: ; ImmutableOopMap {rbp=NarrowOop [40]=Oop [48]=Oop [56]=Oop [80]=Oop [96]=NarrowOop [144]=Oop }
                      ;*iflt {reexecute=1 rethrow=0 return_oop=0}
                      ; - (reexecute) java.lang.StringLatin1::lastIndexOf@19
                      ; - java.lang.String::lastIndexOf@13
                      ; - java.lang.String::lastIndexOf@8
                      ; - java.lang.ClassLoader::checkCerts@3
                      ; - java.lang.ClassLoader::preDefineClass@113
                      ; - java.lang.ClassLoader::defineClass@4
                      ; - java.security.SecureClassLoader::defineClass@12
  0x000001ebb31beb40: bc91 89ff 

  0x000001ebb31beb44: ;   {other}
  0x000001ebb31beb44: 0f1f 8400 | 341d 001f | bade ffff | ff4c 8b54 | 2428 4c89 | 5424 204c | 8b54 2430 | 4c89 5424 
  0x000001ebb31beb64: 284c 8b54 | 2438 4c89 | 5424 3044 | 8b5c 2440 | 4489 5c24 | 3844 8b54 | 2444 4489 | 5424 3c4c 
  0x000001ebb31beb84: 8944 2440 | 4c89 4c24 | 4866 6690 

  0x000001ebb31beb90: ;   {runtime_call UncommonTrapBlob}
  0x000001ebb31beb90: c5f8 77e8 

  0x000001ebb31beb94: ; ImmutableOopMap {rbp=NarrowOop [32]=Oop [40]=Oop [48]=Oop [64]=Oop [72]=Oop }
                      ;*invokeinterface computeIfAbsent {reexecute=0 rethrow=0 return_oop=0}
                      ; - java.security.SecureClassLoader::getProtectionDomain@28
                      ; - java.security.SecureClassLoader::defineClass@9
  0x000001ebb31beb94: 6891 89ff 

  0x000001ebb31beb98: ;   {other}
  0x000001ebb31beb98: 0f1f 8400 | 881d 0020 | ba45 ffff | ff48 8b6c | 2428 6690 

  0x000001ebb31bebac: ;   {runtime_call UncommonTrapBlob}
  0x000001ebb31bebac: c5f8 77e8 

  0x000001ebb31bebb0: ; ImmutableOopMap {rbp=Oop [48]=Oop [56]=Oop [144]=Oop }
                      ;*ifeq {reexecute=1 rethrow=0 return_oop=0}
                      ; - (reexecute) java.lang.ClassLoader::checkName@8
                      ; - java.lang.ClassLoader::preDefineClass@1
                      ; - java.lang.ClassLoader::defineClass@4
                      ; - java.security.SecureClassLoader::defineClass@12
  0x000001ebb31bebb0: 4c91 89ff 

  0x000001ebb31bebb4: ;   {other}
  0x000001ebb31bebb4: 0f1f 8400 | a41d 0021 | ba6e ffff | ff41 8bea | 897c 2424 | 4889 5c24 | 5044 8974 | 2460 6690 
  0x000001ebb31bebd4: ;   {runtime_call UncommonTrapBlob}
  0x000001ebb31bebd4: c5f8 77e8 

  0x000001ebb31bebd8: ; ImmutableOopMap {rbp=NarrowOop [40]=Oop [48]=Oop [56]=Oop [80]=Oop [96]=NarrowOop [144]=Oop }
                      ;*iflt {reexecute=1 rethrow=0 return_oop=0}
                      ; - (reexecute) java.lang.StringLatin1::lastIndexOf@19
                      ; - java.lang.String::lastIndexOf@13
                      ; - java.lang.String::lastIndexOf@8
                      ; - java.lang.ClassLoader::checkCerts@3
                      ; - java.lang.ClassLoader::preDefineClass@113
                      ; - java.lang.ClassLoader::defineClass@4
                      ; - java.security.SecureClassLoader::defineClass@12
  0x000001ebb31bebd8: 2491 89ff 

  0x000001ebb31bebdc: ;   {other}
  0x000001ebb31bebdc: 0f1f 8400 | cc1d 0022 | bace ffff | ff41 8bea | 895c 2460 

  0x000001ebb31bebf0: ;   {runtime_call UncommonTrapBlob}
  0x000001ebb31bebf0: c5f8 77e8 

  0x000001ebb31bebf4: ; ImmutableOopMap {rbp=NarrowOop [40]=Oop [48]=Oop [56]=Oop [144]=Oop }
                      ;*invokestatic indexOfChar {reexecute=0 rethrow=0 return_oop=0}
                      ; - java.lang.StringLatin1::indexOf@33
                      ; - java.lang.String::indexOf@17
                      ; - java.lang.String::indexOf@3
                      ; - java.lang.ClassLoader::checkName@16
                      ; - java.lang.ClassLoader::preDefineClass@1
                      ; - java.lang.ClassLoader::defineClass@4
                      ; - java.security.SecureClassLoader::defineClass@12
  0x000001ebb31bebf4: 0891 89ff 

  0x000001ebb31bebf8: ;   {other}
  0x000001ebb31bebf8: 0f1f 8400 | e81d 0023 | ba76 ffff | ff41 8beb | 4489 4c24 | 2448 8944 | 2458 6690 

  0x000001ebb31bec14: ;   {runtime_call UncommonTrapBlob}
  0x000001ebb31bec14: c5f8 77e8 

  0x000001ebb31bec18: ; ImmutableOopMap {rbp=NarrowOop [40]=Oop [48]=Oop [88]=Oop [144]=Oop }
                      ;*iflt {reexecute=1 rethrow=0 return_oop=0}
                      ; - (reexecute) java.lang.StringLatin1::lastIndexOf@19
                      ; - java.lang.String::lastIndexOf@13
                      ; - java.lang.String::lastIndexOf@8
                      ; - java.lang.Class::getPackageName@47
                      ; - java.lang.ClassLoader::postDefineClass@2
                      ; - java.lang.ClassLoader::defineClass@37
                      ; - java.security.SecureClassLoader::defineClass@12
  0x000001ebb31bec18: e490 89ff 

  0x000001ebb31bec1c: ;   {other}
  0x000001ebb31bec1c: 0f1f 8400 | 0c1e 0024 | ba45 ffff | ff48 8944 | 2440 6690 

  0x000001ebb31bec30: ;   {runtime_call UncommonTrapBlob}
  0x000001ebb31bec30: c5f8 77e8 

  0x000001ebb31bec34: ; ImmutableOopMap {[40]=Oop [48]=Oop [64]=Oop [144]=Oop }
                      ;*ifeq {reexecute=1 rethrow=0 return_oop=0}
                      ; - (reexecute) java.lang.Class::getPackageName@13
                      ; - java.lang.ClassLoader::postDefineClass@2
                      ; - java.lang.ClassLoader::defineClass@37
                      ; - java.security.SecureClassLoader::defineClass@12
  0x000001ebb31bec34: c890 89ff 

  0x000001ebb31bec38: ;   {other}
  0x000001ebb31bec38: 0f1f 8400 | 281e 0025 | ba6e ffff | ff41 8beb | 4489 4c24 | 2448 8944 | 2458 6690 

  0x000001ebb31bec54: ;   {runtime_call UncommonTrapBlob}
  0x000001ebb31bec54: c5f8 77e8 

  0x000001ebb31bec58: ; ImmutableOopMap {rbp=NarrowOop [40]=Oop [48]=Oop [88]=Oop [144]=Oop }
                      ;*iflt {reexecute=1 rethrow=0 return_oop=0}
                      ; - (reexecute) java.lang.StringLatin1::lastIndexOf@19
                      ; - java.lang.String::lastIndexOf@13
                      ; - java.lang.String::lastIndexOf@8
                      ; - java.lang.Class::getPackageName@47
                      ; - java.lang.ClassLoader::postDefineClass@2
                      ; - java.lang.ClassLoader::defineClass@37
                      ; - java.security.SecureClassLoader::defineClass@12
  0x000001ebb31bec58: a490 89ff 

  0x000001ebb31bec5c: ;   {other}
  0x000001ebb31bec5c: 0f1f 8400 | 4c1e 0026 | 4c63 c9e9 | a8ea ffff | 4983 c1fe | 498b c949 | 8bfa 4833 | c048 83f9 
  0x000001ebb31bec7c: 087f 1048 | ffc9 7856 | 4889 04cf | 48ff c97d | f7eb 4bc5 | fdef c0e9 | 0d00 0000 | c5fe 7f07 
  0x000001ebb31bec9c: c5fe 7f47 | 2048 83c7 | 4048 83e9 | 087d ed48 | 83c1 047c | 0cc5 fe7f | 0748 83c7 | 2048 83e9 
  0x000001ebb31becbc: 0448 83c1 | 047e 1748 | c7c0 ffff | ffff c4e2 | f0f5 c0c4 | e1fb 92f8 | 62f1 fe2f | 7f07 e903 
  0x000001ebb31becdc: ebff ffba | ccff ffff | 418b ea89 | 4c24 2448 | 895c 2450 | 4489 7424 | 604c 896c | 2470 6690 
  0x000001ebb31becfc: ;   {runtime_call UncommonTrapBlob}
  0x000001ebb31becfc: c5f8 77e8 

  0x000001ebb31bed00: ; ImmutableOopMap {rbp=NarrowOop [40]=Oop [48]=Oop [56]=Oop [80]=Oop [96]=NarrowOop [112]=Oop [144]=Oop }
                      ;*newarray {reexecute=1 rethrow=0 return_oop=0}
                      ; - (reexecute) java.util.Arrays::copyOfRangeByte@10
                      ; - java.util.Arrays::copyOfRange@13
                      ; - java.lang.StringLatin1::newString@16
                      ; - java.lang.String::substring@41
                      ; - java.lang.ClassLoader::checkCerts@21
                      ; - java.lang.ClassLoader::preDefineClass@113
                      ; - java.lang.ClassLoader::defineClass@4
                      ; - java.security.SecureClassLoader::defineClass@12
  0x000001ebb31bed00: fc8f 89ff 

  0x000001ebb31bed04: ;   {other}
  0x000001ebb31bed04: 0f1f 8400 | f41e 0027 | baf6 ffff | ff48 8b6c | 2420 6690 

  0x000001ebb31bed18: ;   {runtime_call UncommonTrapBlob}
  0x000001ebb31bed18: c5f8 77e8 

  0x000001ebb31bed1c: ; ImmutableOopMap {rbp=Oop [64]=Oop }
                      ;*invokevirtual putIfAbsent {reexecute=0 rethrow=0 return_oop=0}
                      ; - java.lang.ClassLoader::getNamedPackage@32
                      ; - java.lang.ClassLoader::postDefineClass@9
                      ; - java.lang.ClassLoader::defineClass@37
                      ; - java.security.SecureClassLoader::defineClass@12
  0x000001ebb31bed1c: e08f 89ff 

  0x000001ebb31bed20: ;   {other}
  0x000001ebb31bed20: 0f1f 8400 | 101f 0028 | 8bcf e97f | e8ff ffba | deff ffff | 488b e890 

  0x000001ebb31bed38: ;   {runtime_call UncommonTrapBlob}
  0x000001ebb31bed38: c5f8 77e8 

  0x000001ebb31bed3c: ; ImmutableOopMap {rbp=Oop }
                      ;*checkcast {reexecute=0 rethrow=0 return_oop=0}
                      ; - java.lang.ClassLoader::getNamedPackage@35
                      ; - java.lang.ClassLoader::postDefineClass@9
                      ; - java.lang.ClassLoader::defineClass@37
                      ; - java.security.SecureClassLoader::defineClass@12
  0x000001ebb31bed3c: c08f 89ff 

  0x000001ebb31bed40: ;   {other}
  0x000001ebb31bed40: 0f1f 8400 | 301f 0029 | 4533 db45 | 85c0 410f | 94c3 ba45 | ffff ff48 | 8b6c 2428 | 4c8b 5424 
  0x000001ebb31bed60: 304c 8954 | 2420 4489 | 5c24 6090 

  0x000001ebb31bed6c: ;   {runtime_call UncommonTrapBlob}
  0x000001ebb31bed6c: c5f8 77e8 

  0x000001ebb31bed70: ; ImmutableOopMap {rbp=Oop [32]=Oop [56]=Oop [144]=Oop }
                      ;*ifeq {reexecute=1 rethrow=0 return_oop=0}
                      ; - (reexecute) java.lang.String::indexOf@4
                      ; - java.lang.String::indexOf@3
                      ; - java.lang.ClassLoader::checkName@16
                      ; - java.lang.ClassLoader::preDefineClass@1
                      ; - java.lang.ClassLoader::defineClass@4
                      ; - java.security.SecureClassLoader::defineClass@12
  0x000001ebb31bed70: 8c8f 89ff 

  0x000001ebb31bed74: ;   {other}
  0x000001ebb31bed74: 0f1f 8400 | 641f 002a | ba45 ffff | ff89 4c24 | 2089 4c24 | 2448 895c | 2450 4489 | 7424 6044 
  0x000001ebb31bed94: 894c 2470 

  0x000001ebb31bed98: ;   {runtime_call UncommonTrapBlob}
  0x000001ebb31bed98: c5f8 77e8 

  0x000001ebb31bed9c: ; ImmutableOopMap {[40]=Oop [48]=Oop [56]=Oop [80]=Oop [96]=NarrowOop [144]=Oop }
                      ;*if_icmpgt {reexecute=1 rethrow=0 return_oop=0}
                      ; - (reexecute) jdk.internal.util.Preconditions::checkFromToIndex@6
                      ; - java.lang.String::checkBoundsBeginEnd@6
                      ; - java.lang.String::substring@8
                      ; - java.lang.ClassLoader::checkCerts@21
                      ; - java.lang.ClassLoader::preDefineClass@113
                      ; - java.lang.ClassLoader::defineClass@4
                      ; - java.security.SecureClassLoader::defineClass@12
  0x000001ebb31bed9c: 608f 89ff 

  0x000001ebb31beda0: ;   {other}
  0x000001ebb31beda0: 0f1f 8400 | 901f 002b | ba45 ffff | ff48 8b6c | 2428 895c | 2450 6690 

  0x000001ebb31bedb8: ;   {runtime_call UncommonTrapBlob}
  0x000001ebb31bedb8: c5f8 77e8 

  0x000001ebb31bedbc: ; ImmutableOopMap {rbp=Oop [48]=Oop [56]=Oop [144]=Oop }
                      ;*if_icmpne {reexecute=1 rethrow=0 return_oop=0}
                      ; - (reexecute) java.lang.ClassLoader::checkName@20
                      ; - java.lang.ClassLoader::preDefineClass@1
                      ; - java.lang.ClassLoader::defineClass@4
                      ; - java.security.SecureClassLoader::defineClass@12
  0x000001ebb31bedbc: 408f 89ff 

  0x000001ebb31bedc0: ;   {other}
  0x000001ebb31bedc0: 0f1f 8400 | b01f 002c | bade ffff | ff66 6690 

  0x000001ebb31bedd0: ;   {runtime_call UncommonTrapBlob}
  0x000001ebb31bedd0: c5f8 77e8 

  0x000001ebb31bedd4: ; ImmutableOopMap {rbp=NarrowOop }
                      ;*checkcast {reexecute=0 rethrow=0 return_oop=0}
                      ; - java.lang.ClassLoader::getNamedPackage@8
                      ; - java.lang.ClassLoader::postDefineClass@9
                      ; - java.lang.ClassLoader::defineClass@37
                      ; - java.security.SecureClassLoader::defineClass@12
  0x000001ebb31bedd4: 288f 89ff 

  0x000001ebb31bedd8: ;   {other}
  0x000001ebb31bedd8: 0f1f 8400 | c81f 002d | ba45 ffff | ff48 8b6c | 2430 4c8b | 5424 484c | 8954 2438 | 4c89 6c24 
  0x000001ebb31bedf8: 4044 894c | 2448 4489 | 4424 4c90 

  0x000001ebb31bee04: ;   {runtime_call UncommonTrapBlob}
  0x000001ebb31bee04: c5f8 77e8 

  0x000001ebb31bee08: ; ImmutableOopMap {rbp=Oop [40]=Oop [56]=Oop [64]=Oop [72]=NarrowOop }
                      ;*ifle {reexecute=1 rethrow=0 return_oop=0}
                      ; - (reexecute) java.util.concurrent.ConcurrentHashMap::get@23
                      ; - java.lang.ClassLoader::getNamedPackage@5
                      ; - java.lang.ClassLoader::postDefineClass@9
                      ; - java.lang.ClassLoader::defineClass@37
                      ; - java.security.SecureClassLoader::defineClass@12
  0x000001ebb31bee08: f48e 89ff 

  0x000001ebb31bee0c: ;   {other}
  0x000001ebb31bee0c: 0f1f 8400 | fc1f 002e | ba45 ffff | ff4c 8b54 | 2428 4c89 | 5424 204c | 8944 2428 | 4c89 4c24 
  0x000001ebb31bee2c: 3089 7c24 | 3889 7424 | 3c66 6690 

  0x000001ebb31bee38: ;   {runtime_call UncommonTrapBlob}
  0x000001ebb31bee38: c5f8 77e8 

  0x000001ebb31bee3c: ; ImmutableOopMap {rbp=Oop [32]=Oop [40]=Oop [48]=Oop }
                      ;*ifnonnull {reexecute=1 rethrow=0 return_oop=0}
                      ; - (reexecute) java.security.SecureClassLoader::getProtectionDomain@1
                      ; - java.security.SecureClassLoader::defineClass@9
  0x000001ebb31bee3c: c08e 89ff 

  0x000001ebb31bee40: ;   {other}
  0x000001ebb31bee40: 0f1f 8400 | 3020 002f | ba45 ffff | ff66 6690 

  0x000001ebb31bee50: ;   {runtime_call UncommonTrapBlob}
  0x000001ebb31bee50: c5f8 77e8 

  0x000001ebb31bee54: ; ImmutableOopMap {[40]=Oop [48]=Oop [56]=Oop [144]=Oop }
                      ;*if_icmpne {reexecute=1 rethrow=0 return_oop=0}
                      ; - (reexecute) java.lang.ClassLoader::checkName@30
                      ; - java.lang.ClassLoader::preDefineClass@1
                      ; - java.lang.ClassLoader::defineClass@4
                      ; - java.security.SecureClassLoader::defineClass@12
  0x000001ebb31bee54: a88e 89ff 

  0x000001ebb31bee58: ;   {other}
  0x000001ebb31bee58: 0f1f 8400 | 4820 0030 | ba45 ffff | ff4c 8b54 | 2428 4c89 | 5424 2048 | 895c 2450 | 4c89 6c24 
  0x000001ebb31bee78: 5844 8974 | 2460 6690 

  0x000001ebb31bee80: ;   {runtime_call UncommonTrapBlob}
  0x000001ebb31bee80: c5f8 77e8 

  0x000001ebb31bee84: ; ImmutableOopMap {rbp=NarrowOop [32]=Oop [48]=Oop [56]=Oop [80]=Oop [88]=Oop [96]=NarrowOop [144]=Oop }
                      ;*ifnull {reexecute=1 rethrow=0 return_oop=0}
                      ; - (reexecute) java.security.CodeSource::getCertificates@4
                      ; - java.lang.ClassLoader::checkCerts@34
                      ; - java.lang.ClassLoader::preDefineClass@113
                      ; - java.lang.ClassLoader::defineClass@4
                      ; - java.security.SecureClassLoader::defineClass@12
  0x000001ebb31bee84: 788e 89ff 

  0x000001ebb31bee88: ;   {other}
  0x000001ebb31bee88: 0f1f 8400 | 7820 0031 | ba45 ffff | ff4c 8b54 | 2428 4c89 | 5424 2048 | 895c 2450 | 4c89 6c24 
  0x000001ebb31beea8: 5844 8974 | 2460 6690 

  0x000001ebb31beeb0: ;   {runtime_call UncommonTrapBlob}
  0x000001ebb31beeb0: c5f8 77e8 

  0x000001ebb31beeb4: ; ImmutableOopMap {rbp=NarrowOop [32]=Oop [48]=Oop [56]=Oop [80]=Oop [88]=Oop [96]=NarrowOop [144]=Oop }
                      ;*ifnull {reexecute=1 rethrow=0 return_oop=0}
                      ; - (reexecute) java.security.CodeSource::getCertificates@22
                      ; - java.lang.ClassLoader::checkCerts@34
                      ; - java.lang.ClassLoader::preDefineClass@113
                      ; - java.lang.ClassLoader::defineClass@4
                      ; - java.security.SecureClassLoader::defineClass@12
  0x000001ebb31beeb4: 488e 89ff 

  0x000001ebb31beeb8: ;   {other}
  0x000001ebb31beeb8: 0f1f 8400 | a820 0032 | ba45 ffff | ff89 4c24 | 2089 4c24 | 2448 895c | 2450 4489 | 7424 6044 
  0x000001ebb31beed8: 894c 2470 | 4489 4c24 | 7466 6690 

  0x000001ebb31beee4: ;   {runtime_call UncommonTrapBlob}
  0x000001ebb31beee4: c5f8 77e8 

  0x000001ebb31beee8: ; ImmutableOopMap {[40]=Oop [48]=Oop [56]=Oop [80]=Oop [96]=NarrowOop [144]=Oop }
                      ;*if_icmple {reexecute=1 rethrow=0 return_oop=0}
                      ; - (reexecute) jdk.internal.util.Preconditions::checkFromToIndex@11
                      ; - java.lang.String::checkBoundsBeginEnd@6
                      ; - java.lang.String::substring@8
                      ; - java.lang.ClassLoader::checkCerts@21
                      ; - java.lang.ClassLoader::preDefineClass@113
                      ; - java.lang.ClassLoader::defineClass@4
                      ; - java.security.SecureClassLoader::defineClass@12
  0x000001ebb31beee8: 148e 89ff 

  0x000001ebb31beeec: ;   {other}
  0x000001ebb31beeec: 0f1f 8400 | dc20 0033 | ba45 ffff | ff4c 8b54 | 2428 4c89 | 5424 2090 

  0x000001ebb31bef04: ;   {runtime_call UncommonTrapBlob}
  0x000001ebb31bef04: c5f8 77e8 

  0x000001ebb31bef08: ; ImmutableOopMap {[32]=Oop [48]=Oop [56]=Oop [144]=Oop }
                      ;*ifne {reexecute=1 rethrow=0 return_oop=0}
                      ; - (reexecute) java.lang.ClassLoader::compareCerts@7
                      ; - java.lang.ClassLoader::checkCerts@80
                      ; - java.lang.ClassLoader::preDefineClass@113
                      ; - java.lang.ClassLoader::defineClass@4
                      ; - java.security.SecureClassLoader::defineClass@12
  0x000001ebb31bef08: f48d 89ff 

  0x000001ebb31bef0c: ;   {other}
  0x000001ebb31bef0c: 0f1f 8400 | fc20 0034 | baf6 ffff | ff66 6690 

  0x000001ebb31bef1c: ;   {runtime_call UncommonTrapBlob}
  0x000001ebb31bef1c: c5f8 77e8 

  0x000001ebb31bef20: ; ImmutableOopMap {}
                      ;*invokevirtual isNamed {reexecute=0 rethrow=0 return_oop=0}
                      ; - java.lang.NamedPackage::<init>@12
                      ; - java.lang.ClassLoader::getNamedPackage@22
                      ; - java.lang.ClassLoader::postDefineClass@9
                      ; - java.lang.ClassLoader::defineClass@37
                      ; - java.security.SecureClassLoader::defineClass@12
  0x000001ebb31bef20: dc8d 89ff 

  0x000001ebb31bef24: ;   {other}
  0x000001ebb31bef24: 0f1f 8400 | 1421 0035 | ba12 0000 | 0048 8b6c | 2430 6690 

  0x000001ebb31bef38: ;   {runtime_call UncommonTrapBlob}
  0x000001ebb31bef38: c5f8 77e8 

  0x000001ebb31bef3c: ; ImmutableOopMap {rbp=Oop [32]=Oop [40]=Oop [56]=NarrowOop [64]=Oop [72]=Oop }
                      ;*new {reexecute=0 rethrow=0 return_oop=0}
                      ; - java.lang.NamedPackage::<init>@18
                      ; - java.lang.ClassLoader::getNamedPackage@22
                      ; - java.lang.ClassLoader::postDefineClass@9
                      ; - java.lang.ClassLoader::defineClass@37
                      ; - java.security.SecureClassLoader::defineClass@12
  0x000001ebb31bef3c: c08d 89ff 

  0x000001ebb31bef40: ;   {other}
  0x000001ebb31bef40: 0f1f 8400 | 3021 0036 | 4c89 5c24 | 484c 896c | 2420 488b | eb44 8bee | 498b d7c5 | f877 49ba 
  0x000001ebb31bef60: 1022 5698 | fe7f 0000 

  0x000001ebb31bef68: ;   {other}
  0x000001ebb31bef68: 41ff d20f | 1f84 0000 | 0000 0041 | 8bf5 488b | dd4c 8b6c | 2420 4c8b | 5c24 48e9 | 65e8 ffff 
  0x000001ebb31bef88: 4d63 c8e9 | 3dec ffff | 4983 c1fe | 498b c949 | 8bfb 4833 | c048 83f9 | 087f 1048 | ffc9 7856 
  0x000001ebb31befa8: 4889 04cf | 48ff c97d | f7eb 4bc5 | fdef c0e9 | 0d00 0000 | c5fe 7f07 | c5fe 7f47 | 2048 83c7 
  0x000001ebb31befc8: 4048 83e9 | 087d ed48 | 83c1 047c | 0cc5 fe7f | 0748 83c7 | 2048 83e9 | 0448 83c1 | 047e 1748 
  0x000001ebb31befe8: c7c0 ffff | ffff c4e2 | f0f5 c0c4 | e1fb 92f8 | 62f1 fe2f | 7f07 e994 | ecff ffba | ccff ffff 
  0x000001ebb31bf008: 418b eb44 | 8944 2424 | 4c8b 5424 | 484c 8954 | 2440 4889 | 5c24 6090 

  0x000001ebb31bf020: ;   {runtime_call UncommonTrapBlob}
  0x000001ebb31bf020: c5f8 77e8 

  0x000001ebb31bf024: ; ImmutableOopMap {rbp=NarrowOop [40]=Oop [48]=Oop [64]=Oop [96]=Oop }
                      ;*newarray {reexecute=1 rethrow=0 return_oop=0}
                      ; - (reexecute) java.util.Arrays::copyOfRangeByte@10
                      ; - java.util.Arrays::copyOfRange@13
                      ; - java.lang.StringLatin1::newString@16
                      ; - java.lang.String::substring@41
                      ; - java.lang.Class::getPackageName@62
                      ; - java.lang.ClassLoader::postDefineClass@2
                      ; - java.lang.ClassLoader::defineClass@37
                      ; - java.security.SecureClassLoader::defineClass@12
  0x000001ebb31bf024: d88c 89ff 

  0x000001ebb31bf028: ;   {other}
  0x000001ebb31bf028: 0f1f 8400 | 1822 0037 | 458b c1e9 | 67ea ffff | 4585 c044 | 8b5c 2420 | 410f 94c3 | ba45 ffff 
  0x000001ebb31bf048: ff48 8b6c | 2430 4889 | 4424 5044 | 8954 2458 | 4489 5c24 | 5c66 6690 

  0x000001ebb31bf060: ;   {runtime_call UncommonTrapBlob}
  0x000001ebb31bf060: c5f8 77e8 

  0x000001ebb31bf064: ; ImmutableOopMap {rbp=Oop [40]=Oop [80]=Oop [144]=Oop }
                      ;*ifeq {reexecute=1 rethrow=0 return_oop=0}
                      ; - (reexecute) java.lang.String::lastIndexOf@4
                      ; - java.lang.String::lastIndexOf@8
                      ; - java.lang.Class::getPackageName@47
                      ; - java.lang.ClassLoader::postDefineClass@2
                      ; - java.lang.ClassLoader::defineClass@37
                      ; - java.security.SecureClassLoader::defineClass@12
  0x000001ebb31bf064: 988c 89ff 

  0x000001ebb31bf068: ;   {other}
  0x000001ebb31bf068: 0f1f 8400 | 5822 0038 | 498b d7c5 | f877 49ba | 1022 5698 | fe7f 0000 

  0x000001ebb31bf080: ;   {other}
  0x000001ebb31bf080: 41ff d20f | 1f84 0000 | 0000 00e9 | 76ec ffff | ba45 ffff | ff44 8944 | 2420 4489 | 4424 244c 
  0x000001ebb31bf0a0: 8b54 2448 | 4c89 5424 | 4048 8944 | 2458 894c | 2464 6690 

  0x000001ebb31bf0b4: ;   {runtime_call UncommonTrapBlob}
  0x000001ebb31bf0b4: c5f8 77e8 

  0x000001ebb31bf0b8: ; ImmutableOopMap {[40]=Oop [48]=Oop [64]=Oop [88]=Oop }
                      ;*if_icmpgt {reexecute=1 rethrow=0 return_oop=0}
                      ; - (reexecute) jdk.internal.util.Preconditions::checkFromToIndex@6
                      ; - java.lang.String::checkBoundsBeginEnd@6
                      ; - java.lang.String::substring@8
                      ; - java.lang.Class::getPackageName@62
                      ; - java.lang.ClassLoader::postDefineClass@2
                      ; - java.lang.ClassLoader::defineClass@37
                      ; - java.security.SecureClassLoader::defineClass@12
  0x000001ebb31bf0b8: 448c 89ff 

  0x000001ebb31bf0bc: ;   {other}
  0x000001ebb31bf0bc: 0f1f 8400 | ac22 0039 | ba45 ffff | ff44 8944 | 2420 4489 | 4424 244c | 8b54 2448 | 4c89 5424 
  0x000001ebb31bf0dc: 4048 8944 | 2458 894c | 2464 894c | 2468 6690 

  0x000001ebb31bf0ec: ;   {runtime_call UncommonTrapBlob}
  0x000001ebb31bf0ec: c5f8 77e8 

  0x000001ebb31bf0f0: ; ImmutableOopMap {[40]=Oop [48]=Oop [64]=Oop [88]=Oop }
                      ;*if_icmple {reexecute=1 rethrow=0 return_oop=0}
                      ; - (reexecute) jdk.internal.util.Preconditions::checkFromToIndex@11
                      ; - java.lang.String::checkBoundsBeginEnd@6
                      ; - java.lang.String::substring@8
                      ; - java.lang.Class::getPackageName@62
                      ; - java.lang.ClassLoader::postDefineClass@2
                      ; - java.lang.ClassLoader::defineClass@37
                      ; - java.security.SecureClassLoader::defineClass@12
  0x000001ebb31bf0f0: 0c8c 89ff 

  0x000001ebb31bf0f4: ;   {other}
  0x000001ebb31bf0f4: 0f1f 8400 | e422 003a | 498b d7c5 | f877 49ba | 1022 5698 | fe7f 0000 

  0x000001ebb31bf10c: ;   {other}
  0x000001ebb31bf10c: 41ff d20f | 1f84 0000 | 0000 00e9 | 86eb ffff | 498b d7c5 | f877 49ba | 1022 5698 | fe7f 0000 
  0x000001ebb31bf12c: ;   {other}
  0x000001ebb31bf12c: 41ff d20f | 1f84 0000 | 0000 00e9 | 3aee ffff | 498b d7c5 | f877 49ba | 1022 5698 | fe7f 0000 
  0x000001ebb31bf14c: ;   {other}
  0x000001ebb31bf14c: 41ff d20f | 1f84 0000 | 0000 00e9 | d2ed ffff | bae4 ffff | ff44 8954 | 2420 448b | 5424 4044 
  0x000001ebb31bf16c: 8954 2424 

  0x000001ebb31bf170: ;   {runtime_call UncommonTrapBlob}
  0x000001ebb31bf170: c5f8 77e8 

  0x000001ebb31bf174: ; ImmutableOopMap {[32]=NarrowOop [40]=Oop [48]=Oop [56]=Oop [144]=Oop }
                      ;*baload {reexecute=0 rethrow=0 return_oop=0}
                      ; - jdk.internal.util.ArraysSupport::mismatch@82
                      ; - java.lang.String::startsWith@70
                      ; - java.lang.String::startsWith@3
                      ; - java.lang.ClassLoader::preDefineClass@43
                      ; - java.lang.ClassLoader::defineClass@4
                      ; - java.security.SecureClassLoader::defineClass@12
  0x000001ebb31bf174: 888b 89ff 

  0x000001ebb31bf178: ;   {other}
  0x000001ebb31bf178: 0f1f 8400 | 6823 003b | ba45 ffff | ff44 895c | 2438 6690 

  0x000001ebb31bf18c: ;   {runtime_call UncommonTrapBlob}
  0x000001ebb31bf18c: c5f8 77e8 

  0x000001ebb31bf190: ; ImmutableOopMap {rbp=NarrowOop [40]=Oop [48]=Oop [56]=NarrowOop }
                      ;*ifnull {reexecute=1 rethrow=0 return_oop=0}
                      ; - (reexecute) java.security.CodeSource::getCertificates@4
                      ; - java.lang.ClassLoader::postDefineClass@24
                      ; - java.lang.ClassLoader::defineClass@37
                      ; - java.security.SecureClassLoader::defineClass@12
  0x000001ebb31bf190: 6c8b 89ff 

  0x000001ebb31bf194: ;   {other}
  0x000001ebb31bf194: 0f1f 8400 | 8423 003c | ba45 ffff | ff44 895c | 2438 6690 

  0x000001ebb31bf1a8: ;   {runtime_call UncommonTrapBlob}
  0x000001ebb31bf1a8: c5f8 77e8 

  0x000001ebb31bf1ac: ; ImmutableOopMap {rbp=NarrowOop [40]=Oop [48]=Oop [56]=NarrowOop }
                      ;*ifnull {reexecute=1 rethrow=0 return_oop=0}
                      ; - (reexecute) java.security.CodeSource::getCertificates@22
                      ; - java.lang.ClassLoader::postDefineClass@24
                      ; - java.lang.ClassLoader::defineClass@37
                      ; - java.security.SecureClassLoader::defineClass@12
  0x000001ebb31bf1ac: 508b 89ff 

  0x000001ebb31bf1b0: ;   {other}
  0x000001ebb31bf1b0: 0f1f 8400 | a023 003d | ba45 ffff | ff4c 8b54 | 2448 4c89 | 5424 3844 | 894c 2450 | 4c89 6c24 
  0x000001ebb31bf1d0: 5844 8944 | 2454 4489 | 5c24 6089 | 4c24 6490 

  0x000001ebb31bf1e0: ;   {runtime_call UncommonTrapBlob}
  0x000001ebb31bf1e0: c5f8 77e8 

  0x000001ebb31bf1e4: ; ImmutableOopMap {[40]=Oop [48]=Oop [56]=Oop [80]=NarrowOop [84]=NarrowOop [88]=Oop }
                      ;*if_icmpne {reexecute=1 rethrow=0 return_oop=0}
                      ; - (reexecute) java.lang.String::equals@33
                      ; - java.util.concurrent.ConcurrentHashMap::get@73
                      ; - java.lang.ClassLoader::getNamedPackage@5
                      ; - java.lang.ClassLoader::postDefineClass@9
                      ; - java.lang.ClassLoader::defineClass@37
                      ; - java.security.SecureClassLoader::defineClass@12
  0x000001ebb31bf1e4: 188b 89ff 

  0x000001ebb31bf1e8: ;   {other}
  0x000001ebb31bf1e8: 0f1f 8400 | d823 003e | ba45 ffff | ff4c 8b54 | 2448 4c89 | 5424 3844 | 894c 2450 | 4c89 6c24 
  0x000001ebb31bf208: 5848 895c | 2460 4489 | 5c24 5490 

  0x000001ebb31bf214: ;   {runtime_call UncommonTrapBlob}
  0x000001ebb31bf214: c5f8 77e8 

  0x000001ebb31bf218: ; ImmutableOopMap {rbp=NarrowOop [40]=Oop [48]=Oop [56]=Oop [80]=NarrowOop [88]=Oop [96]=Oop }
                      ;*ifnull {reexecute=1 rethrow=0 return_oop=0}
                      ; - (reexecute) java.util.concurrent.ConcurrentHashMap::get@143
                      ; - java.lang.ClassLoader::getNamedPackage@5
                      ; - java.lang.ClassLoader::postDefineClass@9
                      ; - java.lang.ClassLoader::defineClass@37
                      ; - java.security.SecureClassLoader::defineClass@12
  0x000001ebb31bf218: e48a 89ff 

  0x000001ebb31bf21c: ;   {other}
  0x000001ebb31bf21c: 0f1f 8400 | 0c24 003f | ba45 ffff | ff48 8b6c | 2430 8944 | 2460 6690 

  0x000001ebb31bf234: ;   {runtime_call UncommonTrapBlob}
  0x000001ebb31bf234: c5f8 77e8 

  0x000001ebb31bf238: ; ImmutableOopMap {rbp=Oop [32]=Oop [40]=Oop [56]=NarrowOop [64]=Oop [72]=Oop }
                      ;*ifeq {reexecute=1 rethrow=0 return_oop=0}
                      ; - (reexecute) java.util.concurrent.ConcurrentHashMap::get@152
                      ; - java.lang.ClassLoader::getNamedPackage@5
                      ; - java.lang.ClassLoader::postDefineClass@9
                      ; - java.lang.ClassLoader::defineClass@37
                      ; - java.security.SecureClassLoader::defineClass@12
  0x000001ebb31bf238: c48a 89ff 

  0x000001ebb31bf23c: ;   {other}
  0x000001ebb31bf23c: 0f1f 8400 | 2c24 0040 | ba37 0100 | 0048 8beb | 4c8b 5424 | 384c 8954 | 2428 6690 

  0x000001ebb31bf258: ;   {runtime_call UncommonTrapBlob}
  0x000001ebb31bf258: c5f8 77e8 

  0x000001ebb31bf25c: ; ImmutableOopMap {rbp=Oop [40]=Oop [48]=Oop }
                      ;*new {reexecute=0 rethrow=0 return_oop=0}
                      ; - java.lang.ClassLoader::preDefineClass@56
                      ; - java.lang.ClassLoader::defineClass@4
                      ; - java.security.SecureClassLoader::defineClass@12
  0x000001ebb31bf25c: a08a 89ff 

  0x000001ebb31bf260: ;   {other}
  0x000001ebb31bf260: 0f1f 8400 | 5024 0041 | bade ffff | ff48 8b6c | 2428 4c8b | 5424 304c | 8954 2420 | 4c8b 5424 
  0x000001ebb31bf280: 384c 8954 | 2428 4889 | 4424 3890 

  0x000001ebb31bf28c: ;   {runtime_call UncommonTrapBlob}
  0x000001ebb31bf28c: c5f8 77e8 

  0x000001ebb31bf290: ; ImmutableOopMap {rbp=Oop [32]=Oop [40]=Oop [56]=Oop }
                      ;*checkcast {reexecute=0 rethrow=0 return_oop=0}
                      ; - java.security.SecureClassLoader::getProtectionDomain@33
                      ; - java.security.SecureClassLoader::defineClass@9
  0x000001ebb31bf290: 6c8a 89ff 

  0x000001ebb31bf294: ;   {other}
  0x000001ebb31bf294: 0f1f 8400 | 8424 0042 | bade ffff | ff48 8b6c | 2428 4c8b | 5424 384c | 8954 2428 | 448b 5424 
  0x000001ebb31bf2b4: 4044 8954 | 2438 448b | 5c24 4444 | 895c 243c | 4889 4424 | 5066 6690 

  0x000001ebb31bf2cc: ;   {runtime_call UncommonTrapBlob}
  0x000001ebb31bf2cc: c5f8 77e8 

  0x000001ebb31bf2d0: ; ImmutableOopMap {rbp=Oop [40]=Oop [48]=Oop [72]=Oop [80]=Oop [144]=Oop }
                      ;*checkcast {reexecute=0 rethrow=0 return_oop=0}
                      ; - java.lang.ClassLoader::checkCerts@65
                      ; - java.lang.ClassLoader::preDefineClass@113
                      ; - java.lang.ClassLoader::defineClass@4
                      ; - java.security.SecureClassLoader::defineClass@12
  0x000001ebb31bf2d0: 2c8a 89ff 

  0x000001ebb31bf2d4: ;   {other}
  0x000001ebb31bf2d4: 0f1f 8400 | c424 0043 | baf6 ffff | ff49 8be8 | 4c89 4c24 | 2066 6690 

  0x000001ebb31bf2ec: ;   {runtime_call UncommonTrapBlob}
  0x000001ebb31bf2ec: c5f8 77e8 

  0x000001ebb31bf2f0: ; ImmutableOopMap {rbp=Oop [32]=Oop }
                      ;*invokeinterface computeIfAbsent {reexecute=0 rethrow=0 return_oop=0}
                      ; - java.security.SecureClassLoader::getProtectionDomain@28
                      ; - java.security.SecureClassLoader::defineClass@9
  0x000001ebb31bf2f0: 0c8a 89ff 

  0x000001ebb31bf2f4: ;   {other}
  0x000001ebb31bf2f4: 0f1f 8400 | e424 0044 | baf4 ffff | ff48 8b6c | 2428 4c8b | 5424 304c | 8954 2420 

  0x000001ebb31bf310: ;   {runtime_call UncommonTrapBlob}
  0x000001ebb31bf310: c5f8 77e8 

  0x000001ebb31bf314: ; ImmutableOopMap {rbp=Oop [32]=Oop [56]=Oop }
                      ;*checkcast {reexecute=0 rethrow=0 return_oop=0}
                      ; - java.security.SecureClassLoader::getProtectionDomain@33
                      ; - java.security.SecureClassLoader::defineClass@9
  0x000001ebb31bf314: e889 89ff 

  0x000001ebb31bf318: ;   {other}
  0x000001ebb31bf318: 0f1f 8400 | 0825 0045 | baf6 ffff | ff66 6690 

  0x000001ebb31bf328: ;   {runtime_call UncommonTrapBlob}
  0x000001ebb31bf328: c5f8 77e8 

  0x000001ebb31bf32c: ; ImmutableOopMap {}
                      ;*arraylength {reexecute=0 rethrow=0 return_oop=0}
                      ; - java.lang.String::isEmpty@4
                      ; - java.lang.ClassLoader::checkName@5
                      ; - java.lang.ClassLoader::preDefineClass@1
                      ; - java.lang.ClassLoader::defineClass@4
                      ; - java.security.SecureClassLoader::defineClass@12
  0x000001ebb31bf32c: d089 89ff 

  0x000001ebb31bf330: ;   {other}
  0x000001ebb31bf330: 0f1f 8400 | 2025 0046 | baf6 ffff | ff66 6690 

  0x000001ebb31bf340: ;   {runtime_call UncommonTrapBlob}
  0x000001ebb31bf340: c5f8 77e8 

  0x000001ebb31bf344: ; ImmutableOopMap {}
                      ;*invokevirtual getPackageName {reexecute=0 rethrow=0 return_oop=0}
                      ; - java.lang.ClassLoader::postDefineClass@2
                      ; - java.lang.ClassLoader::defineClass@37
                      ; - java.security.SecureClassLoader::defineClass@12
  0x000001ebb31bf344: b889 89ff 

  0x000001ebb31bf348: ;   {other}
  0x000001ebb31bf348: 0f1f 8400 | 3825 0047 | baf6 ffff | ff66 6690 

  0x000001ebb31bf358: ;   {runtime_call UncommonTrapBlob}
  0x000001ebb31bf358: c5f8 77e8 

  0x000001ebb31bf35c: ; ImmutableOopMap {}
                      ;*invokevirtual hashCode {reexecute=0 rethrow=0 return_oop=0}
                      ; - java.util.concurrent.ConcurrentHashMap::get@1
                      ; - java.lang.ClassLoader::getNamedPackage@5
                      ; - java.lang.ClassLoader::postDefineClass@9
                      ; - java.lang.ClassLoader::defineClass@37
                      ; - java.security.SecureClassLoader::defineClass@12
  0x000001ebb31bf35c: a089 89ff 

  0x000001ebb31bf360: ;   {other}
  0x000001ebb31bf360: 0f1f 8400 | 5025 0048 | 4d85 d244 | 8b5c 2420 | 410f 94c3 | ba45 ffff | ff48 8944 | 2440 4489 
  0x000001ebb31bf380: 5c24 4890 

  0x000001ebb31bf384: ;   {runtime_call UncommonTrapBlob}
  0x000001ebb31bf384: c5f8 77e8 

  0x000001ebb31bf388: ; ImmutableOopMap {[40]=Oop [48]=Oop [64]=Oop [144]=Oop }
                      ;*ifeq {reexecute=1 rethrow=0 return_oop=0}
                      ; - (reexecute) java.lang.Class::getPackageName@29
                      ; - java.lang.ClassLoader::postDefineClass@2
                      ; - java.lang.ClassLoader::defineClass@37
                      ; - java.security.SecureClassLoader::defineClass@12
  0x000001ebb31bf388: 7489 89ff 

  0x000001ebb31bf38c: ;   {other}
  0x000001ebb31bf38c: 0f1f 8400 | 7c25 0049 | baf6 ffff | ff66 6690 

  0x000001ebb31bf39c: ;   {runtime_call UncommonTrapBlob}
  0x000001ebb31bf39c: c5f8 77e8 

  0x000001ebb31bf3a0: ; ImmutableOopMap {}
                      ;*arraylength {reexecute=0 rethrow=0 return_oop=0}
                      ; - java.lang.String::length@4
                      ; - java.lang.String::lastIndexOf@3
                      ; - java.lang.Class::getPackageName@47
                      ; - java.lang.ClassLoader::postDefineClass@2
                      ; - java.lang.ClassLoader::defineClass@37
                      ; - java.security.SecureClassLoader::defineClass@12
  0x000001ebb31bf3a0: 5c89 89ff 

  0x000001ebb31bf3a4: ;   {other}
  0x000001ebb31bf3a4: 0f1f 8400 | 9425 004a | ba45 ffff | ff48 8b6c | 2428 4c8b | 5424 304c | 8954 2420 

  0x000001ebb31bf3c0: ;   {runtime_call UncommonTrapBlob}
  0x000001ebb31bf3c0: c5f8 77e8 

  0x000001ebb31bf3c4: ; ImmutableOopMap {rbp=Oop [32]=Oop [56]=Oop [144]=Oop }
                      ;*ifnull {reexecute=1 rethrow=0 return_oop=0}
                      ; - (reexecute) java.lang.ClassLoader::checkName@1
                      ; - java.lang.ClassLoader::preDefineClass@1
                      ; - java.lang.ClassLoader::defineClass@4
                      ; - java.security.SecureClassLoader::defineClass@12
  0x000001ebb31bf3c4: 3889 89ff 

  0x000001ebb31bf3c8: ;   {other}
  0x000001ebb31bf3c8: 0f1f 8400 | b825 004b | ba45 ffff | ff48 8b6c | 2428 4c8b | 5424 384c | 8954 2428 | 448b 5c24 
  0x000001ebb31bf3e8: 4044 895c | 2438 448b | 5424 4444 | 8954 243c | 4889 5c24 | 484c 896c | 2458 4489 | 7424 5490 
  0x000001ebb31bf408: ;   {runtime_call UncommonTrapBlob}
  0x000001ebb31bf408: c5f8 77e8 

  0x000001ebb31bf40c: ; ImmutableOopMap {rbp=Oop [40]=Oop [48]=Oop [72]=Oop [84]=NarrowOop [88]=Oop [144]=Oop }
                      ;*ifnull {reexecute=1 rethrow=0 return_oop=0}
                      ; - (reexecute) java.lang.ClassLoader::checkCerts@30
                      ; - java.lang.ClassLoader::preDefineClass@113
                      ; - java.lang.ClassLoader::defineClass@4
                      ; - java.security.SecureClassLoader::defineClass@12
  0x000001ebb31bf40c: f088 89ff 

  0x000001ebb31bf410: ;   {other}
  0x000001ebb31bf410: 0f1f 8400 | 0026 004c | ba45 ffff | ff48 8b6c | 2428 4c8b | 5c24 304c | 895c 2420 | 4c8b 5c24 
  0x000001ebb31bf430: 384c 895c | 2428 448b | 4424 4044 | 8944 2430 | 448b 5c24 | 4444 895c | 2434 4489 | 5424 4490 
  0x000001ebb31bf450: ;   {runtime_call UncommonTrapBlob}
  0x000001ebb31bf450: c5f8 77e8 

  0x000001ebb31bf454: ; ImmutableOopMap {rbp=Oop [32]=Oop [40]=Oop [68]=NarrowOop [144]=Oop }
                      ;*ifnull {reexecute=1 rethrow=0 return_oop=0}
                      ; - (reexecute) java.lang.ClassLoader::defineClassSourceLocation@8
                      ; - java.lang.ClassLoader::defineClass@12
                      ; - java.security.SecureClassLoader::defineClass@12
  0x000001ebb31bf454: a888 89ff 

  0x000001ebb31bf458: ;   {other}
  0x000001ebb31bf458: 0f1f 8400 | 4826 004d | ba45 ffff | ff4c 8b54 | 2428 4c89 | 5424 204c | 8b54 2430 | 4c89 5424 
  0x000001ebb31bf478: 284c 8b54 | 2438 4c89 | 5424 3044 | 8b54 2440 | 4489 5424 | 3844 8b5c | 2444 4489 | 5c24 3c90 
  0x000001ebb31bf498: ;   {runtime_call UncommonTrapBlob}
  0x000001ebb31bf498: c5f8 77e8 

  0x000001ebb31bf49c: ; ImmutableOopMap {rbp=NarrowOop [32]=Oop [40]=Oop [48]=Oop [144]=Oop }
                      ;*ifnull {reexecute=1 rethrow=0 return_oop=0}
                      ; - (reexecute) java.lang.ClassLoader::defineClassSourceLocation@15
                      ; - java.lang.ClassLoader::defineClass@12
                      ; - java.security.SecureClassLoader::defineClass@12
  0x000001ebb31bf49c: 6088 89ff 

  0x000001ebb31bf4a0: ;   {other}
  0x000001ebb31bf4a0: 0f1f 8400 | 9026 004e | ba45 ffff | ff48 8b6c | 2430 4489 | 5c24 2090 

  0x000001ebb31bf4b8: ;   {runtime_call UncommonTrapBlob}
  0x000001ebb31bf4b8: c5f8 77e8 

  0x000001ebb31bf4bc: ; ImmutableOopMap {rbp=Oop [32]=NarrowOop }
                      ;*ifnull {reexecute=1 rethrow=0 return_oop=0}
                      ; - (reexecute) java.lang.ClassLoader::postDefineClass@17
                      ; - java.lang.ClassLoader::defineClass@37
                      ; - java.security.SecureClassLoader::defineClass@12
  0x000001ebb31bf4bc: 4088 89ff 

  0x000001ebb31bf4c0: ;   {other}
  0x000001ebb31bf4c0: 0f1f 8400 | b026 004f | ba45 ffff | ff4c 8b54 | 2448 4c89 | 5424 3844 | 894c 2450 | 4c89 6c24 
  0x000001ebb31bf4e0: 5844 8944 | 2454 4489 | 5c24 6090 

  0x000001ebb31bf4ec: ;   {runtime_call UncommonTrapBlob}
  0x000001ebb31bf4ec: c5f8 77e8 

  0x000001ebb31bf4f0: ; ImmutableOopMap {rbp=NarrowOop [40]=Oop [48]=Oop [56]=Oop [80]=NarrowOop [84]=NarrowOop [88]=Oop }
                      ;*ifnull {reexecute=1 rethrow=0 return_oop=0}
                      ; - (reexecute) java.util.concurrent.ConcurrentHashMap::get@67
                      ; - java.lang.ClassLoader::getNamedPackage@5
                      ; - java.lang.ClassLoader::postDefineClass@9
                      ; - java.lang.ClassLoader::defineClass@37
                      ; - java.security.SecureClassLoader::defineClass@12
  0x000001ebb31bf4f0: 0c88 89ff 

  0x000001ebb31bf4f4: ;   {other}
  0x000001ebb31bf4f4: 0f1f 8400 | e426 0050 | ba97 ffff | ff4c 8b54 | 2428 4c89 | 5424 2090 

  0x000001ebb31bf50c: ;   {runtime_call UncommonTrapBlob}
  0x000001ebb31bf50c: c5f8 77e8 

  0x000001ebb31bf510: ; ImmutableOopMap {rbp=NarrowOop [32]=Oop [48]=Oop [56]=Oop [76]=NarrowOop [88]=Oop [96]=Oop [144]=Oop }
                      ;*invokevirtual clone {reexecute=1 rethrow=0 return_oop=0}
                      ; - (reexecute) java.util.Arrays::copyOfRange@18
                      ; - java.lang.StringLatin1::newString@16
                      ; - java.lang.String::substring@41
                      ; - java.lang.ClassLoader::checkCerts@21
                      ; - java.lang.ClassLoader::preDefineClass@113
                      ; - java.lang.ClassLoader::defineClass@4
                      ; - java.security.SecureClassLoader::defineClass@12
  0x000001ebb31bf510: ec87 89ff 

  0x000001ebb31bf514: ;   {other}
  0x000001ebb31bf514: 0f1f 8400 | 0427 0051 | eb27 eb25 | eb23 eb21 | eb1f eb1d | eb16 eb14 | eb17 eb15 | eb13 eb11 
  0x000001ebb31bf534: eb0f eb0d | eb0b eb09 | eb07 eb05 | 488b d0eb | 0348 8bd0 | c5f8 7748 | 81c4 b000 

  0x000001ebb31bf550: ;   {runtime_call _rethrow_Java}
  0x000001ebb31bf550: 0000 5de9 | 2856 8dff | ba97 ffff | ff8b 6c24 | 384c 8b54 | 2448 4c89 | 5424 3890 

  0x000001ebb31bf56c: ;   {runtime_call UncommonTrapBlob}
  0x000001ebb31bf56c: c5f8 77e8 

  0x000001ebb31bf570: ; ImmutableOopMap {rbp=NarrowOop [32]=Oop [40]=Oop [56]=Oop [64]=Oop }
                      ;*invokevirtual clone {reexecute=1 rethrow=0 return_oop=0}
                      ; - (reexecute) java.util.Arrays::copyOfRange@18
                      ; - java.lang.StringLatin1::newString@16
                      ; - java.lang.String::substring@41
                      ; - java.lang.Class::getPackageName@62
                      ; - java.lang.ClassLoader::postDefineClass@2
                      ; - java.lang.ClassLoader::defineClass@37
                      ; - java.security.SecureClassLoader::defineClass@12
  0x000001ebb31bf570: 8c87 89ff 

  0x000001ebb31bf574: ;   {other}
  0x000001ebb31bf574: 0f1f 8400 | 6427 0052 

  0x000001ebb31bf57c: ;   {internal_word}
  0x000001ebb31bf57c: 49ba 27e2 | 1bb3 eb01 | 0000 4d89 | 9760 0400 

  0x000001ebb31bf58c: ;   {runtime_call SafepointBlob}
  0x000001ebb31bf58c: 00e9 ee75 

  0x000001ebb31bf590: ;   {runtime_call StubRoutines (final stubs)}
  0x000001ebb31bf590: 89ff e869 | ba87 ffe9 | 82dc ffff | f4f4 f4f4 
[Stub Code]
  0x000001ebb31bf5a0: ;   {no_reloc}
  0x000001ebb31bf5a0: 48bb 0000 | 0000 0000 

  0x000001ebb31bf5a8: ;   {runtime_call nmethod}
  0x000001ebb31bf5a8: 0000 e9fb 

  0x000001ebb31bf5ac: ;   {static_stub}
  0x000001ebb31bf5ac: ffff ff48 | bb00 0000 | 0000 0000 

  0x000001ebb31bf5b8: ;   {runtime_call nmethod}
  0x000001ebb31bf5b8: 00e9 fbff 

  0x000001ebb31bf5bc: ;   {static_stub}
  0x000001ebb31bf5bc: ffff 48bb | 0000 0000 | 0000 0000 

  0x000001ebb31bf5c8: ;   {runtime_call nmethod}
  0x000001ebb31bf5c8: e9fb ffff 

  0x000001ebb31bf5cc: ;   {static_stub}
  0x000001ebb31bf5cc: ff48 bb00 | 0000 0000 

  0x000001ebb31bf5d4: ;   {runtime_call nmethod}
  0x000001ebb31bf5d4: 0000 00e9 | fbff ffff 

  0x000001ebb31bf5dc: ;   {static_stub}
  0x000001ebb31bf5dc: 48bb 0000 | 0000 0000 

  0x000001ebb31bf5e4: ;   {runtime_call nmethod}
  0x000001ebb31bf5e4: 0000 e9fb 

  0x000001ebb31bf5e8: ;   {static_stub}
  0x000001ebb31bf5e8: ffff ff48 | bb00 0000 | 0000 0000 

  0x000001ebb31bf5f4: ;   {runtime_call nmethod}
  0x000001ebb31bf5f4: 00e9 fbff 

  0x000001ebb31bf5f8: ;   {static_stub}
  0x000001ebb31bf5f8: ffff 48bb | 0000 0000 | 0000 0000 

  0x000001ebb31bf604: ;   {runtime_call nmethod}
  0x000001ebb31bf604: e9fb ffff 

  0x000001ebb31bf608: ;   {static_stub}
  0x000001ebb31bf608: ff48 bb00 | 0000 0000 

  0x000001ebb31bf610: ;   {runtime_call nmethod}
  0x000001ebb31bf610: 0000 00e9 | fbff ffff 

  0x000001ebb31bf618: ;   {static_stub}
  0x000001ebb31bf618: 48bb 0000 | 0000 0000 

  0x000001ebb31bf620: ;   {runtime_call nmethod}
  0x000001ebb31bf620: 0000 e9fb 

  0x000001ebb31bf624: ;   {static_stub}
  0x000001ebb31bf624: ffff ff48 | bb00 0000 | 0000 0000 

  0x000001ebb31bf630: ;   {runtime_call nmethod}
  0x000001ebb31bf630: 00e9 fbff 

  0x000001ebb31bf634: ;   {static_stub}
  0x000001ebb31bf634: ffff 48bb | 0000 0000 | 0000 0000 

  0x000001ebb31bf640: ;   {runtime_call nmethod}
  0x000001ebb31bf640: e9fb ffff 

  0x000001ebb31bf644: ;   {static_stub}
  0x000001ebb31bf644: ff48 bb00 | 0000 0000 

  0x000001ebb31bf64c: ;   {runtime_call nmethod}
  0x000001ebb31bf64c: 0000 00e9 | fbff ffff 
[Exception Handler]
  0x000001ebb31bf654: ;   {runtime_call ExceptionBlob}
  0x000001ebb31bf654: e927 f88c | ffe8 0000 | 0000 4883 

  0x000001ebb31bf660: ;   {runtime_call DeoptimizationBlob}
  0x000001ebb31bf660: 2c24 05e9 | b889 89ff 
[/MachCode]


Compiled method (c1) 10558 3866   !   3       java.net.URLClassLoader::defineClass (224 bytes)
 total in heap  [0x000001ebab680310,0x000001ebab682bf0] = 10464
 relocation     [0x000001ebab680470,0x000001ebab680730] = 704
 main code      [0x000001ebab680740,0x000001ebab6820b8] = 6520
 stub code      [0x000001ebab6820b8,0x000001ebab682258] = 416
 oops           [0x000001ebab682258,0x000001ebab682260] = 8
 metadata       [0x000001ebab682260,0x000001ebab6822f8] = 152
 scopes data    [0x000001ebab6822f8,0x000001ebab6827c0] = 1224
 scopes pcs     [0x000001ebab6827c0,0x000001ebab682b40] = 896
 dependencies   [0x000001ebab682b40,0x000001ebab682b70] = 48
 handler table  [0x000001ebab682b70,0x000001ebab682bb8] = 72
 nul chk table  [0x000001ebab682bb8,0x000001ebab682bf0] = 56

[Constant Pool (empty)]

[MachCode]
[Entry Point]
  # {method} {0x000001ebc00fa750} 'defineClass' '(Ljava/lang/String;Ljdk/internal/loader/Resource;)Ljava/lang/Class;' in 'java/net/URLClassLoader'
  # this:     rdx:rdx   = 'java/net/URLClassLoader'
  # parm0:    r8:r8     = 'java/lang/String'
  # parm1:    r9:r9     = 'jdk/internal/loader/Resource'
  #           [sp+0x150]  (sp of caller)
  0x000001ebab680740: 448b 5208 | 49c1 e203 

  0x000001ebab680748: ;   {runtime_call ic_miss_stub}
  0x000001ebab680748: 4c3b d00f | 852f e23c | 0766 6666 | 0f1f 8400 | 0000 0000 | 6666 6690 
[Verified Entry Point]
  0x000001ebab680760: 8984 2400 | 80ff ff55 | 4881 ec40 | 0100 0090 | 4181 7f20 | 0900 0000 

  0x000001ebab680778: ;   {runtime_call StubRoutines (final stubs)}
  0x000001ebab680778: 7405 e881 | a83b 0748 | 8994 24b8 | 0000 004c | 8984 24a8 | 0000 004c | 898c 24b0 

  0x000001ebab680794: ;   {metadata(method data for {method} {0x000001ebc00fa750} 'defineClass' '(Ljava/lang/String;Ljdk/internal/loader/Resource;)Ljava/lang/Class;' in 'java/net/URLClassLoader')}
  0x000001ebab680794: 0000 0048 | be88 0593 | c0eb 0100 | 008b becc | 0000 0083 | c702 89be | cc00 0000 | 81e7 fe07 
  0x000001ebab6807b4: 0000 85ff | 0f84 bb15 

  0x000001ebab6807bc: ;   {metadata(method data for {method} {0x000001ebc00fa750} 'defineClass' '(Ljava/lang/String;Ljdk/internal/loader/Resource;)Ljava/lang/Class;' in 'java/net/URLClassLoader')}
  0x000001ebab6807bc: 0000 48be | 8805 93c0 | eb01 0000 | 4883 8610 | 0100 0001 

  0x000001ebab6807d0: ;   {runtime_call}
  0x000001ebab6807d0: 48b8 5015 | 9198 fe7f | 0000 ffd0 

  0x000001ebab6807dc: ;   {other}
  0x000001ebab6807dc: 0f1f 8400 | 0000 0000 | 4889 8424 | c000 0000 | 4c8b 8424 | a800 0000 

  0x000001ebab6807f4: ; implicit exception: dispatches to 0x000001ebab681d9a
  0x000001ebab6807f4: 493b 0049 

  0x000001ebab6807f8: ;   {metadata(method data for {method} {0x000001ebc00fa750} 'defineClass' '(Ljava/lang/String;Ljdk/internal/loader/Resource;)Ljava/lang/Class;' in 'java/net/URLClassLoader')}
  0x000001ebab6807f8: 8bc8 48ba | 8805 93c0 | eb01 0000 | 4883 8220 | 0100 0001 

  0x000001ebab68080c: ;   {metadata(method data for {method} {0x000001ebc000b730} 'lastIndexOf' '(I)I' in 'java/lang/String')}
  0x000001ebab68080c: 48b9 d82a | 72c0 eb01 | 0000 8b91 | cc00 0000 | 83c2 0289 | 91cc 0000 | 0081 e2fe | ff1f 0085 
  0x000001ebab68082c: d20f 846c | 1500 0049 

  0x000001ebab680834: ;   {metadata(method data for {method} {0x000001ebc000b730} 'lastIndexOf' '(I)I' in 'java/lang/String')}
  0x000001ebab680834: 8bc8 48ba | d82a 72c0 | eb01 0000 | 4883 8210 | 0100 0001 

  0x000001ebab680848: ;   {metadata(method data for {method} {0x000001ebc0009d30} 'length' '()I' in 'java/lang/String')}
  0x000001ebab680848: 48b9 a0e3 | 33c0 eb01 | 0000 8b91 | cc00 0000 | 83c2 0289 | 91cc 0000 | 0081 e2fe | ff1f 0085 
  0x000001ebab680868: d20f 8451 | 1500 0041 | 8b70 148b | 560c 498b 

  0x000001ebab680878: ;   {metadata(method data for {method} {0x000001ebc0009d30} 'length' '()I' in 'java/lang/String')}
  0x000001ebab680878: c849 b9a0 | e333 c0eb | 0100 0049 | 8381 1001 

  0x000001ebab680888: ;   {metadata(method data for {method} {0x000001ebc000f8a0} 'coder' '()B' in 'java/lang/String')}
  0x000001ebab680888: 0000 0148 | b928 e233 | c0eb 0100 | 0044 8b89 | cc00 0000 | 4183 c102 | 4489 89cc | 0000 0041 
  0x000001ebab6808a8: 81e1 feff | 1f00 4585 | c90f 842f 

  0x000001ebab6808b4: ;   {metadata(method data for {method} {0x000001ebc000f8a0} 'coder' '()B' in 'java/lang/String')}
  0x000001ebab6808b4: 1500 0048 | b928 e233 | c0eb 0100 | 00ff 8120 | 0100 0045 | 0fbe 4810 

  0x000001ebab6808cc: ;   {metadata(method data for {method} {0x000001ebc000f8a0} 'coder' '()B' in 'java/lang/String')}
  0x000001ebab6808cc: 48b9 28e2 | 33c0 eb01 | 0000 ff81 | 3001 0000 | 498b c9c1 | e118 c1f9 | 18d3 fa48 | 8bfa ffcf 
  0x000001ebab6808ec: ;   {metadata(method data for {method} {0x000001ebc000b730} 'lastIndexOf' '(I)I' in 'java/lang/String')}
  0x000001ebab6808ec: 498b d048 | bbd8 2a72 | c0eb 0100 | 0048 8383 | 4801 0000 

  0x000001ebab680900: ;   {metadata(method data for {method} {0x000001ebc000b7f8} 'lastIndexOf' '(II)I' in 'java/lang/String')}
  0x000001ebab680900: 0148 bae8 | cf71 c0eb | 0100 008b | 9acc 0000 | 0083 c302 | 899a cc00 | 0000 81e3 | feff 1f00 
  0x000001ebab680920: 85db 0f84 | df14 0000 

  0x000001ebab680928: ;   {metadata(method data for {method} {0x000001ebc000b7f8} 'lastIndexOf' '(II)I' in 'java/lang/String')}
  0x000001ebab680928: 498b d048 | bbe8 cf71 | c0eb 0100 | 0048 8383 | 1001 0000 

  0x000001ebab68093c: ;   {metadata(method data for {method} {0x000001ebc000fa20} 'isLatin1' '()Z' in 'java/lang/String')}
  0x000001ebab68093c: 0148 baa0 | f630 c0eb | 0100 008b | 9acc 0000 | 0083 c302 | 899a cc00 | 0000 81e3 | feff 1f00 
  0x000001ebab68095c: 85db 0f84 | c414 0000 

  0x000001ebab680964: ;   {metadata(method data for {method} {0x000001ebc000fa20} 'isLatin1' '()Z' in 'java/lang/String')}
  0x000001ebab680964: 48ba a0f6 | 30c0 eb01 | 0000 ff82 | 2001 0000 

  0x000001ebab680974: ;   {metadata(method data for {method} {0x000001ebc000fa20} 'isLatin1' '()Z' in 'java/lang/String')}
  0x000001ebab680974: 4585 c948 | baa0 f630 | c0eb 0100 | 0049 c7c1 | 3001 0000 | 7507 49c7 | c140 0100 | 004a 8b1c 
  0x000001ebab680994: 0a48 8d5b | 014a 891c | 0a0f 851a 

  0x000001ebab6809a0: ;   {metadata(method data for {method} {0x000001ebc000fa20} 'isLatin1' '()Z' in 'java/lang/String')}
  0x000001ebab6809a0: 0000 0048 | baa0 f630 | c0eb 0100 | 00ff 8250 | 0100 00ba | 0100 0000 | e905 0000 | 00ba 0000 
  0x000001ebab6809c0: 0000 83e2 

  0x000001ebab6809c4: ;   {metadata(method data for {method} {0x000001ebc000b7f8} 'lastIndexOf' '(II)I' in 'java/lang/String')}
  0x000001ebab6809c4: 0185 d248 | bae8 cf71 | c0eb 0100 | 0049 c7c1 | 4801 0000 | 7407 49c7 | c158 0100 | 004a 8b1c 
  0x000001ebab6809e4: 0a48 8d5b | 014a 891c | 0a0f 8446 

  0x000001ebab6809f0: ;   {metadata(method data for {method} {0x000001ebc000b7f8} 'lastIndexOf' '(II)I' in 'java/lang/String')}
  0x000001ebab6809f0: 0000 0048 | bae8 cf71 | c0eb 0100 | 0048 8382 | 6801 0000 | 0148 8bd6 | 41b8 2e00 | 0000 4c8b 
  0x000001ebab680a10: cf66 0f1f 

  0x000001ebab680a14: ;   {static_call}
  0x000001ebab680a14: 4400 00e8 

  0x000001ebab680a18: ; ImmutableOopMap {[168]=Oop [176]=Oop [184]=Oop }
                      ;*invokestatic lastIndexOf {reexecute=0 rethrow=0 return_oop=0}
                      ; - java.lang.String::lastIndexOf@13
                      ; - java.lang.String::lastIndexOf@8
                      ; - java.net.URLClassLoader::defineClass@7
  0x000001ebab680a18: 8429 9407 

  0x000001ebab680a1c: ;   {other}
  0x000001ebab680a1c: 0f1f 8400 | 0c07 0000 

  0x000001ebab680a24: ;   {metadata(method data for {method} {0x000001ebc000b7f8} 'lastIndexOf' '(II)I' in 'java/lang/String')}
  0x000001ebab680a24: 48ba e8cf | 71c0 eb01 | 0000 ff82 | 7801 0000 | e92b 0000 

  0x000001ebab680a38: ;   {metadata(method data for {method} {0x000001ebc000b7f8} 'lastIndexOf' '(II)I' in 'java/lang/String')}
  0x000001ebab680a38: 0048 bae8 | cf71 c0eb | 0100 0048 | 8382 9001 | 0000 0148 | 8bd6 41b8 | 2e00 0000 

  0x000001ebab680a54: ;   {static_call}
  0x000001ebab680a54: 4c8b cfe8 

  0x000001ebab680a58: ; ImmutableOopMap {[168]=Oop [176]=Oop [184]=Oop }
                      ;*invokestatic lastIndexOf {reexecute=0 rethrow=0 return_oop=0}
                      ; - java.lang.String::lastIndexOf@25
                      ; - java.lang.String::lastIndexOf@8
                      ; - java.net.URLClassLoader::defineClass@7
  0x000001ebab680a58: 24ee 3c07 

  0x000001ebab680a5c: ;   {other}
  0x000001ebab680a5c: 0f1f 8400 | 4c07 0001 | 8984 24c8 | 0000 004c | 8b8c 24b0 | 0000 0049 | 3b01 498b 

  0x000001ebab680a78: ;   {metadata(method data for {method} {0x000001ebc00fa750} 'defineClass' '(Ljava/lang/String;Ljdk/internal/loader/Resource;)Ljava/lang/Class;' in 'java/net/URLClassLoader')}
  0x000001ebab680a78: d148 be88 | 0593 c0eb | 0100 008b | 5208 48c1 | e203 483b | 9668 0100 | 0075 0d48 | 8386 7001 
  0x000001ebab680a98: 0000 01e9 | 6000 0000 | 483b 9678 | 0100 0075 | 0d48 8386 | 8001 0000 | 01e9 4a00 | 0000 4883 
  0x000001ebab680ab8: be68 0100 | 0000 7517 | 4889 9668 | 0100 0048 | c786 7001 | 0000 0100 | 0000 e929 | 0000 0048 
  0x000001ebab680ad8: 83be 7801 | 0000 0075 | 1748 8996 | 7801 0000 | 48c7 8680 | 0100 0001 | 0000 00e9 | 0800 0000 
  0x000001ebab680af8: 4883 8658 | 0100 0001 | 498b d166 | 9048 b8ff | ffff ffff 

  0x000001ebab680b0c: ;   {virtual_call}
  0x000001ebab680b0c: ffff ffe8 

  0x000001ebab680b10: ; ImmutableOopMap {[168]=Oop [176]=Oop [184]=Oop }
                      ;*invokevirtual getCodeSourceURL {reexecute=0 rethrow=0 return_oop=0}
                      ; - java.net.URLClassLoader::defineClass@13
  0x000001ebab680b10: dcdb 4a07 

  0x000001ebab680b14: ;   {other}
  0x000001ebab680b14: 0f1f 8400 | 0408 0002 | 4889 8424 | d000 0000 | 448b 8c24 | c800 0000 | 4183 f9ff 

  0x000001ebab680b30: ;   {metadata(method data for {method} {0x000001ebc00fa750} 'defineClass' '(Ljava/lang/String;Ljdk/internal/loader/Resource;)Ljava/lang/Class;' in 'java/net/URLClassLoader')}
  0x000001ebab680b30: 49b8 8805 | 93c0 eb01 | 0000 48c7 | c290 0100 | 0074 0748 | c7c2 a001 | 0000 498b | 3410 488d 
  0x000001ebab680b50: 7601 4989 | 3410 0f84 | 0704 0000 | 4c8b 8424 | a800 0000 

  0x000001ebab680b64: ;   {metadata(method data for {method} {0x000001ebc00fa750} 'defineClass' '(Ljava/lang/String;Ljdk/internal/loader/Resource;)Ljava/lang/Class;' in 'java/net/URLClassLoader')}
  0x000001ebab680b64: 48ba 8805 | 93c0 eb01 | 0000 4883 | 82b0 0100 | 0001 41b8 | 0000 0000 | 488b 9424 | a800 0000 
  0x000001ebab680b84: ;   {optimized virtual_call}
  0x000001ebab680b84: 6666 90e8 

  0x000001ebab680b88: ; ImmutableOopMap {[168]=Oop [176]=Oop [184]=Oop [208]=Oop }
                      ;*invokevirtual substring {reexecute=0 rethrow=0 return_oop=0}
                      ; - java.net.URLClassLoader::defineClass@28
  0x000001ebab680b88: 74a2 9c07 

  0x000001ebab680b8c: ;   {other}
  0x000001ebab680b8c: 0f1f 8400 | 7c08 0003 | 4889 8424 | d800 0000 | 4c8b 8c24 | b000 0000 

  0x000001ebab680ba4: ;   {metadata(method data for {method} {0x000001ebc00fa750} 'defineClass' '(Ljava/lang/String;Ljdk/internal/loader/Resource;)Ljava/lang/Class;' in 'java/net/URLClassLoader')}
  0x000001ebab680ba4: 48ba 8805 | 93c0 eb01 | 0000 458b | 4908 49c1 | e103 4c3b | 8af8 0100 | 0075 0d48 | 8382 0002 
  0x000001ebab680bc4: 0000 01e9 | 6000 0000 | 4c3b 8a08 | 0200 0075 | 0d48 8382 | 1002 0000 | 01e9 4a00 | 0000 4883 
  0x000001ebab680be4: baf8 0100 | 0000 7517 | 4c89 8af8 | 0100 0048 | c782 0002 | 0000 0100 | 0000 e929 | 0000 0048 
  0x000001ebab680c04: 83ba 0802 | 0000 0075 | 174c 898a | 0802 0000 | 48c7 8210 | 0200 0001 | 0000 00e9 | 0800 0000 
  0x000001ebab680c24: 4883 82e8 | 0100 0001 | 488b 9424 | b000 0000 | 9048 b850 | 6809 0001 

  0x000001ebab680c3c: ;   {virtual_call}
  0x000001ebab680c3c: 0000 00e8 

  0x000001ebab680c40: ; ImmutableOopMap {[168]=Oop [176]=Oop [184]=Oop [208]=Oop [216]=Oop }
                      ;*invokevirtual getManifest {reexecute=0 rethrow=0 return_oop=0}
                      ; - java.net.URLClassLoader::defineClass@34
  0x000001ebab680c40: 1c2b 1300 

  0x000001ebab680c44: ;   {other}
  0x000001ebab680c44: 0f1f 8400 | 3409 0004 | 4889 8424 | e000 0000 | 488b 9424 | b800 0000 

  0x000001ebab680c5c: ;   {metadata(method data for {method} {0x000001ebc00fa750} 'defineClass' '(Ljava/lang/String;Ljdk/internal/loader/Resource;)Ljava/lang/Class;' in 'java/net/URLClassLoader')}
  0x000001ebab680c5c: 49b8 8805 | 93c0 eb01 | 0000 4983 | 8020 0200 | 0001 4c8b | 8424 d800 | 0000 4c8b | c848 8bbc 
  0x000001ebab680c7c: 24d0 0000 | 0048 8b94 | 24b8 0000 | 0066 0f1f 

  0x000001ebab680c8c: ;   {optimized virtual_call}
  0x000001ebab680c8c: 4400 00e8 

  0x000001ebab680c90: ; ImmutableOopMap {[168]=Oop [176]=Oop [184]=Oop [208]=Oop [216]=Oop [224]=Oop }
                      ;*invokevirtual getAndVerifyPackage {reexecute=0 rethrow=0 return_oop=0}
                      ; - java.net.URLClassLoader::defineClass@46
  0x000001ebab680c90: 0cb5 ffff 

  0x000001ebab680c94: ;   {other}
  0x000001ebab680c94: 0f1f 8400 | 8409 0005 

  0x000001ebab680c9c: ;   {metadata(method data for {method} {0x000001ebc00fa750} 'defineClass' '(Ljava/lang/String;Ljdk/internal/loader/Resource;)Ljava/lang/Class;' in 'java/net/URLClassLoader')}
  0x000001ebab680c9c: 4885 c049 | b888 0593 | c0eb 0100 | 0049 c7c1 | 5802 0000 | 7507 49c7 | c168 0200 | 004b 8b3c 
  0x000001ebab680cbc: 0848 8d7f | 014b 893c | 080f 8598 | 0200 0048 | 8b84 24e0 | 0000 0048 

  0x000001ebab680cd4: ;   {metadata(method data for {method} {0x000001ebc00fa750} 'defineClass' '(Ljava/lang/String;Ljdk/internal/loader/Resource;)Ljava/lang/Class;' in 'java/net/URLClassLoader')}
  0x000001ebab680cd4: 85c0 49b8 | 8805 93c0 | eb01 0000 | 49c7 c178 | 0200 0074 | 0749 c7c1 | 8802 0000 | 4b8b 3c08 
  0x000001ebab680cf4: 488d 7f01 | 4b89 3c08 | 488b 9424 | b800 0000 | 0f84 c800 

  0x000001ebab680d08: ;   {metadata(method data for {method} {0x000001ebc00fa750} 'defineClass' '(Ljava/lang/String;Ljdk/internal/loader/Resource;)Ljava/lang/Class;' in 'java/net/URLClassLoader')}
  0x000001ebab680d08: 0000 49b8 | 8805 93c0 | eb01 0000 | 8b52 0848 | c1e2 0349 | 3b90 a802 | 0000 750d | 4983 80b0 
  0x000001ebab680d28: 0200 0001 | e960 0000 | 0049 3b90 | b802 0000 | 750d 4983 | 80c0 0200 | 0001 e94a | 0000 0049 
  0x000001ebab680d48: 83b8 a802 | 0000 0075 | 1749 8990 | a802 0000 | 49c7 80b0 | 0200 0001 | 0000 00e9 | 2900 0000 
  0x000001ebab680d68: 4983 b8b8 | 0200 0000 | 7517 4989 | 90b8 0200 | 0049 c780 | c002 0000 | 0100 0000 | e908 0000 
  0x000001ebab680d88: 0049 8380 | 9802 0000 | 014c 8b84 | 24d8 0000 | 004c 8bc8 | 488b bc24 | d000 0000 | 488b 9424 
  0x000001ebab680da8: b800 0000 

  0x000001ebab680dac: ;   {optimized virtual_call}
  0x000001ebab680dac: 6666 90e8 

  0x000001ebab680db0: ; ImmutableOopMap {[168]=Oop [176]=Oop [184]=Oop [208]=Oop [216]=Oop [224]=Oop }
                      ;*invokevirtual definePackage {reexecute=0 rethrow=0 return_oop=0}
                      ; - java.net.URLClassLoader::defineClass@64
  0x000001ebab680db0: ec08 1600 

  0x000001ebab680db4: ;   {other}
  0x000001ebab680db4: 0f1f 8400 | a40a 0006 

  0x000001ebab680dbc: ;   {metadata(method data for {method} {0x000001ebc00fa750} 'defineClass' '(Ljava/lang/String;Ljdk/internal/loader/Resource;)Ljava/lang/Class;' in 'java/net/URLClassLoader')}
  0x000001ebab680dbc: 49b8 8805 | 93c0 eb01 | 0000 41ff | 80d0 0200 | 00e9 ea00 

  0x000001ebab680dd0: ;   {metadata(method data for {method} {0x000001ebc00fa750} 'defineClass' '(Ljava/lang/String;Ljdk/internal/loader/Resource;)Ljava/lang/Class;' in 'java/net/URLClassLoader')}
  0x000001ebab680dd0: 0000 49b8 | 8805 93c0 | eb01 0000 | 8b52 0848 | c1e2 0349 | 3b90 f802 | 0000 750d | 4983 8000 
  0x000001ebab680df0: 0300 0001 | e960 0000 | 0049 3b90 | 0803 0000 | 750d 4983 | 8010 0300 | 0001 e94a | 0000 0049 
  0x000001ebab680e10: 83b8 f802 | 0000 0075 | 1749 8990 | f802 0000 | 49c7 8000 | 0300 0001 | 0000 00e9 | 2900 0000 
  0x000001ebab680e30: 4983 b808 | 0300 0000 | 7517 4989 | 9008 0300 | 0049 c780 | 1003 0000 | 0100 0000 | e908 0000 
  0x000001ebab680e50: 0049 8380 | e802 0000 | 014c 8b84 | 24d8 0000 

  0x000001ebab680e60: ;   {oop(nullptr)}
  0x000001ebab680e60: 0049 b900 | 0000 0000 

  0x000001ebab680e68: ;   {oop(nullptr)}
  0x000001ebab680e68: 0000 0048 | bf00 0000 | 0000 0000 

  0x000001ebab680e74: ;   {oop(nullptr)}
  0x000001ebab680e74: 0048 be00 | 0000 0000 

  0x000001ebab680e7c: ;   {oop(nullptr)}
  0x000001ebab680e7c: 0000 0048 | b900 0000 | 0000 0000 | 004d 33d2 | 4c89 1424 | 4d33 d24c | 8954 2408 | 4d33 d24c 
  0x000001ebab680e9c: 8954 2410 | 488b 9424 | b800 0000 | 0f1f 8000 

  0x000001ebab680eac: ;   {optimized virtual_call}
  0x000001ebab680eac: 0000 00e8 

  0x000001ebab680eb0: ; ImmutableOopMap {[168]=Oop [176]=Oop [184]=Oop [208]=Oop [216]=Oop [224]=Oop }
                      ;*invokevirtual definePackage {reexecute=0 rethrow=0 return_oop=0}
                      ; - java.net.URLClassLoader::defineClass@81
  0x000001ebab680eb0: ccdf 3c07 

  0x000001ebab680eb4: ;   {other}
  0x000001ebab680eb4: 0f1f 8400 | a40b 0007 

  0x000001ebab680ebc: ;   {metadata(method data for {method} {0x000001ebc00fa750} 'defineClass' '(Ljava/lang/String;Ljdk/internal/loader/Resource;)Ljava/lang/Class;' in 'java/net/URLClassLoader')}
  0x000001ebab680ebc: 48b8 8805 | 93c0 eb01 | 0000 ff80 | 2003 0000 | e992 0000 | 004c 8b8c | 24e0 0000 | 0049 8b87 
  0x000001ebab680edc: f804 0000 | 4d33 d24d | 8997 f804 | 0000 4d33 | d24d 8997 | 0005 0000 | 488b 9424 | b800 0000 
  0x000001ebab680efc: ;   {metadata(method data for {method} {0x000001ebc00fa750} 'defineClass' '(Ljava/lang/String;Ljdk/internal/loader/Resource;)Ljava/lang/Class;' in 'java/net/URLClassLoader')}
  0x000001ebab680efc: 49b8 8805 | 93c0 eb01 | 0000 4983 | 8038 0300 | 0001 4c8b | 8424 d800 | 0000 488b | bc24 d000 
  0x000001ebab680f1c: 0000 488b | 9424 b800 

  0x000001ebab680f24: ;   {optimized virtual_call}
  0x000001ebab680f24: 0000 90e8 

  0x000001ebab680f28: ; ImmutableOopMap {[168]=Oop [176]=Oop [184]=Oop [208]=Oop [216]=Oop }
                      ;*invokevirtual getAndVerifyPackage {reexecute=0 rethrow=0 return_oop=0}
                      ; - java.net.URLClassLoader::defineClass@97
  0x000001ebab680f28: 54df 3c07 

  0x000001ebab680f2c: ;   {other}
  0x000001ebab680f2c: 0f1f 8400 | 1c0c 0008 

  0x000001ebab680f34: ;   {metadata(method data for {method} {0x000001ebc00fa750} 'defineClass' '(Ljava/lang/String;Ljdk/internal/loader/Resource;)Ljava/lang/Class;' in 'java/net/URLClassLoader')}
  0x000001ebab680f34: 4885 c048 | b888 0593 | c0eb 0100 | 0048 c7c2 | 8003 0000 | 7407 48c7 | c270 0300 | 0048 8b34 
  0x000001ebab680f54: 1048 8d76 | 0148 8934 | 100f 8457 | 0a00 004c | 8b8c 24b0 | 0000 0049 

  0x000001ebab680f6c: ;   {metadata(method data for {method} {0x000001ebc00fa750} 'defineClass' '(Ljava/lang/String;Ljdk/internal/loader/Resource;)Ljava/lang/Class;' in 'java/net/URLClassLoader')}
  0x000001ebab680f6c: 8bc1 48ba | 8805 93c0 | eb01 0000 | 8b40 0848 | c1e0 0348 | 3b82 6804 | 0000 750d | 4883 8270 
  0x000001ebab680f8c: 0400 0001 | e960 0000 | 0048 3b82 | 7804 0000 | 750d 4883 | 8280 0400 | 0001 e94a | 0000 0048 
  0x000001ebab680fac: 83ba 6804 | 0000 0075 | 1748 8982 | 6804 0000 | 48c7 8270 | 0400 0001 | 0000 00e9 | 2900 0000 
  0x000001ebab680fcc: 4883 ba78 | 0400 0000 | 7517 4889 | 8278 0400 | 0048 c782 | 8004 0000 | 0100 0000 | e908 0000 
  0x000001ebab680fec: 0048 8382 | 5804 0000 

  0x000001ebab680ff4: ;   {metadata(method data for {method} {0x000001ebc0513f30} 'getByteBuffer' '()Ljava/nio/ByteBuffer;' in 'jdk/internal/loader/Resource')}
  0x000001ebab680ff4: 0148 b880 | 279c c0eb | 0100 008b | 90cc 0000 | 0083 c202 | 8990 cc00 | 0000 81e2 | feff 1f00 
  0x000001ebab681014: 85d2 0f84 | 320e 0000 

  0x000001ebab68101c: ;   {metadata(method data for {method} {0x000001ebc0513f30} 'getByteBuffer' '()Ljava/nio/ByteBuffer;' in 'jdk/internal/loader/Resource')}
  0x000001ebab68101c: 498b c148 | ba80 279c | c0eb 0100 | 0048 8382 | 1001 0000 | 0148 8d94 | 2420 0100 | 004c 894a 
  0x000001ebab68103c: 0849 8b01 | 4883 c801 | 4889 02f0 | 490f b111 | 0f84 1200 | 0000 482b | c448 2507 | f0ff ff48 
  0x000001ebab68105c: 8902 0f85 | 0b0e 0000 | 49ff 8748 

  0x000001ebab681068: ;   {metadata(method data for {method} {0x000001ebc0513bc8} 'cachedInputStream' '()Ljava/io/InputStream;' in 'jdk/internal/loader/Resource')}
  0x000001ebab681068: 0500 0048 | baf0 046c | c0eb 0100 | 008b b2cc | 0000 0083 | c602 89b2 | cc00 0000 | 81e6 feff 
  0x000001ebab681088: 1f00 85f6 | 0f84 f00d | 0000 418b | 510c 4885 

  0x000001ebab681098: ;   {metadata(method data for {method} {0x000001ebc0513bc8} 'cachedInputStream' '()Ljava/io/InputStream;' in 'jdk/internal/loader/Resource')}
  0x000001ebab681098: d248 baf0 | 046c c0eb | 0100 0048 | c7c6 1001 | 0000 7507 | 48c7 c620 | 0100 0048 | 8b3c 3248 
  0x000001ebab6810b8: 8d7f 0148 | 893c 320f | 85d7 0000 | 0049 8bd1 

  0x000001ebab6810c8: ;   {metadata(method data for {method} {0x000001ebc0513bc8} 'cachedInputStream' '()Ljava/io/InputStream;' in 'jdk/internal/loader/Resource')}
  0x000001ebab6810c8: 48be f004 | 6cc0 eb01 | 0000 8b52 | 0848 c1e2 | 0348 3b96 | 4001 0000 | 750d 4883 | 8648 0100 
  0x000001ebab6810e8: 0001 e960 | 0000 0048 | 3b96 5001 | 0000 750d | 4883 8658 | 0100 0001 | e94a 0000 | 0048 83be 
  0x000001ebab681108: 4001 0000 | 0075 1748 | 8996 4001 | 0000 48c7 | 8648 0100 | 0001 0000 | 00e9 2900 | 0000 4883 
  0x000001ebab681128: be50 0100 | 0000 7517 | 4889 9650 | 0100 0048 | c786 5801 | 0000 0100 | 0000 e908 | 0000 0048 
  0x000001ebab681148: 8386 3001 | 0000 0149 | 8bd1 6666 | 9048 b8ff | ffff ffff 

  0x000001ebab68115c: ;   {virtual_call}
  0x000001ebab68115c: ffff ffe8 

  0x000001ebab681160: ; ImmutableOopMap {[168]=Oop [176]=Oop [184]=Oop [208]=Oop [296]=Oop }
                      ;*invokevirtual getInputStream {reexecute=0 rethrow=0 return_oop=0}
                      ; - jdk.internal.loader.Resource::cachedInputStream@9
                      ; - jdk.internal.loader.Resource::getByteBuffer@1
                      ; - java.net.URLClassLoader::defineClass@132
  0x000001ebab681160: 64d3 4a07 

  0x000001ebab681164: ;   {other}
  0x000001ebab681164: 0f1f 8400 | 540e 0009 | 410f be57 | 4085 d24c | 8b8c 24b0 | 0000 000f | 8522 0d00 | 004c 8bd0 
  0x000001ebab681184: 4589 510c | 498b d148 | 33d0 48c1 | ea14 4883 | fa00 0f85 | 230d 0000 | 418b 510c | 488d 8424 
  0x000001ebab6811a4: 2001 0000 | 488b 3048 | 85f6 0f84 | 0f00 0000 | 488b 7808 | f048 0fb1 | 370f 8514 | 0d00 0049 
  0x000001ebab6811c4: ff8f 4805 | 0000 4885 

  0x000001ebab6811cc: ;   {metadata(method data for {method} {0x000001ebc0513f30} 'getByteBuffer' '()Ljava/nio/ByteBuffer;' in 'jdk/internal/loader/Resource')}
  0x000001ebab6811cc: d275 1648 | bb80 279c | c0eb 0100 | 0080 8b41 | 0100 0001 | e9d5 0000 

  0x000001ebab6811e4: ;   {metadata('sun/nio/ByteBuffered')}
  0x000001ebab6811e4: 0048 b8a8 | 7209 0001 | 0000 008b | 5a08 48c1 | e303 483b | 4320 0f84 | 1a00 0000 | 483b d80f 
  0x000001ebab681204: 8411 0000 

  0x000001ebab681208: ;   {runtime_call slow_subtype_check Runtime1 stub}
  0x000001ebab681208: 0053 50e8 | f08a 4a07 | 5b5b 85db | 0f84 8400 

  0x000001ebab681218: ;   {metadata(method data for {method} {0x000001ebc0513f30} 'getByteBuffer' '()Ljava/nio/ByteBuffer;' in 'jdk/internal/loader/Resource')}
  0x000001ebab681218: 0000 48bb | 8027 9cc0 | eb01 0000 | 8b42 0848 | c1e0 0348 | 3b83 5801 | 0000 750d | 4883 8360 
  0x000001ebab681238: 0100 0001 | e97e 0000 | 0048 3b83 | 6801 0000 | 750d 4883 | 8370 0100 | 0001 e968 | 0000 0048 
  0x000001ebab681258: 83bb 5801 | 0000 0075 | 1748 8983 | 5801 0000 | 48c7 8360 | 0100 0001 | 0000 00e9 | 4700 0000 
  0x000001ebab681278: 4883 bb68 | 0100 0000 | 7517 4889 | 8368 0100 | 0048 c783 | 7001 0000 | 0100 0000 | e926 0000 
  0x000001ebab681298: 00e9 2100 

  0x000001ebab68129c: ;   {metadata(method data for {method} {0x000001ebc0513f30} 'getByteBuffer' '()Ljava/nio/ByteBuffer;' in 'jdk/internal/loader/Resource')}
  0x000001ebab68129c: 0000 48bb | 8027 9cc0 | eb01 0000 | 4883 ab48 | 0100 0001 | e905 0000 | 00e9 0500 | 0000 4833 
  0x000001ebab6812bc: f6eb 0748 | c7c6 0100 | 0000 85f6 

  0x000001ebab6812c8: ;   {metadata(method data for {method} {0x000001ebc0513f30} 'getByteBuffer' '()Ljava/nio/ByteBuffer;' in 'jdk/internal/loader/Resource')}
  0x000001ebab6812c8: 48be 8027 | 9cc0 eb01 | 0000 48c7 | c780 0100 | 0074 0748 | c7c7 9001 | 0000 488b | 1c3e 488d 
  0x000001ebab6812e8: 5b01 4889 | 1c3e 0f84 | 9d01 0000 | 4885 d275 

  0x000001ebab6812f8: ;   {metadata(method data for {method} {0x000001ebc0513f30} 'getByteBuffer' '()Ljava/nio/ByteBuffer;' in 'jdk/internal/loader/Resource')}
  0x000001ebab6812f8: 1648 bf80 | 279c c0eb | 0100 0080 | 8f99 0100 | 0001 e9d5 

  0x000001ebab68130c: ;   {metadata('sun/nio/ByteBuffered')}
  0x000001ebab68130c: 0000 0048 | bba8 7209 | 0001 0000 | 008b 7a08 | 48c1 e703 | 483b 5f20 | 0f84 1a00 | 0000 483b 
  0x000001ebab68132c: fb0f 8411 | 0000 0057 

  0x000001ebab681334: ;   {runtime_call slow_subtype_check Runtime1 stub}
  0x000001ebab681334: 53e8 c689 | 4a07 5f5f | 85ff 0f84 | 8400 0000 

  0x000001ebab681344: ;   {metadata(method data for {method} {0x000001ebc0513f30} 'getByteBuffer' '()Ljava/nio/ByteBuffer;' in 'jdk/internal/loader/Resource')}
  0x000001ebab681344: 48bf 8027 | 9cc0 eb01 | 0000 8b5a | 0848 c1e3 | 0348 3b9f | b001 0000 | 750d 4883 | 87b8 0100 
  0x000001ebab681364: 0001 e979 | 0000 0048 | 3b9f c001 | 0000 750d | 4883 87c8 | 0100 0001 | e963 0000 | 0048 83bf 
  0x000001ebab681384: b001 0000 | 0075 1748 | 899f b001 | 0000 48c7 | 87b8 0100 | 0001 0000 | 00e9 4200 | 0000 4883 
  0x000001ebab6813a4: bfc0 0100 | 0000 7517 | 4889 9fc0 | 0100 0048 | c787 c801 | 0000 0100 | 0000 e921 | 0000 00e9 
  0x000001ebab6813c4: 1c00 0000 

  0x000001ebab6813c8: ;   {metadata(method data for {method} {0x000001ebc0513f30} 'getByteBuffer' '()Ljava/nio/ByteBuffer;' in 'jdk/internal/loader/Resource')}
  0x000001ebab6813c8: 48bf 8027 | 9cc0 eb01 | 0000 4883 | afa0 0100 | 0001 e90e | 0b00 00e9 | 0000 0000 

  0x000001ebab6813e4: ; implicit exception: dispatches to 0x000001ebab681ef6
  0x000001ebab6813e4: 483b 0248 

  0x000001ebab6813e8: ;   {metadata(method data for {method} {0x000001ebc0513f30} 'getByteBuffer' '()Ljava/nio/ByteBuffer;' in 'jdk/internal/loader/Resource')}
  0x000001ebab6813e8: 8bf2 48bf | 8027 9cc0 | eb01 0000 | 8b76 0848 | c1e6 0348 | 3bb7 e801 | 0000 750d | 4883 87f0 
  0x000001ebab681408: 0100 0001 | e960 0000 | 0048 3bb7 | f801 0000 | 750d 4883 | 8700 0200 | 0001 e94a | 0000 0048 
  0x000001ebab681428: 83bf e801 | 0000 0075 | 1748 89b7 | e801 0000 | 48c7 87f0 | 0100 0001 | 0000 00e9 | 2900 0000 
  0x000001ebab681448: 4883 bff8 | 0100 0000 | 7517 4889 | b7f8 0100 | 0048 c787 | 0002 0000 | 0100 0000 | e908 0000 
  0x000001ebab681468: 0048 8387 | d801 0000 | 010f 1f40 | 0048 b8ff | ffff ffff 

  0x000001ebab68147c: ;   {virtual_call}
  0x000001ebab68147c: ffff ffe8 

  0x000001ebab681480: ; ImmutableOopMap {[168]=Oop [176]=Oop [184]=Oop [208]=Oop }
                      ;*invokeinterface getByteBuffer {reexecute=0 rethrow=0 return_oop=0}
                      ; - jdk.internal.loader.Resource::getByteBuffer@16
                      ; - java.net.URLClassLoader::defineClass@132
  0x000001ebab681480: fcde 3c07 

  0x000001ebab681484: ;   {other}
  0x000001ebab681484: 0f1f 8400 | 7411 000a | e90a 0000 

  0x000001ebab681490: ;   {oop(nullptr)}
  0x000001ebab681490: 0048 b800 | 0000 0000 | 0000 0048 

  0x000001ebab68149c: ;   {metadata(method data for {method} {0x000001ebc00fa750} 'defineClass' '(Ljava/lang/String;Ljdk/internal/loader/Resource;)Ljava/lang/Class;' in 'java/net/URLClassLoader')}
  0x000001ebab68149c: 85c0 48ba | 8805 93c0 | eb01 0000 | 48c7 c690 | 0400 0074 | 0748 c7c6 | a004 0000 | 488b 3c32 
  0x000001ebab6814bc: 488d 7f01 | 4889 3c32 | 0f84 2002 | 0000 4889 | 8424 e800 | 0000 4c8b | 8c24 b000 

  0x000001ebab6814d8: ;   {metadata(method data for {method} {0x000001ebc00fa750} 'defineClass' '(Ljava/lang/String;Ljdk/internal/loader/Resource;)Ljava/lang/Class;' in 'java/net/URLClassLoader')}
  0x000001ebab6814d8: 0000 48ba | 8805 93c0 | eb01 0000 | 458b 4908 | 49c1 e103 | 4c3b 8ac0 | 0400 0075 | 0d48 8382 
  0x000001ebab6814f8: c804 0000 | 01e9 6000 | 0000 4c3b | 8ad0 0400 | 0075 0d48 | 8382 d804 | 0000 01e9 | 4a00 0000 
  0x000001ebab681518: 4883 bac0 | 0400 0000 | 7517 4c89 | 8ac0 0400 | 0048 c782 | c804 0000 | 0100 0000 | e929 0000 
  0x000001ebab681538: 0048 83ba | d004 0000 | 0075 174c | 898a d004 | 0000 48c7 | 82d8 0400 | 0001 0000 | 00e9 0800 
  0x000001ebab681558: 0000 4883 | 82b0 0400 | 0001 488b | 9424 b000 | 0000 6666 | 9048 b8ff | ffff ffff 

  0x000001ebab681574: ;   {virtual_call}
  0x000001ebab681574: ffff ffe8 

  0x000001ebab681578: ; ImmutableOopMap {[168]=Oop [184]=Oop [208]=Oop [232]=Oop }
                      ;*invokevirtual getCodeSigners {reexecute=0 rethrow=0 return_oop=0}
                      ; - java.net.URLClassLoader::defineClass@143
  0x000001ebab681578: 04de 3c07 

  0x000001ebab68157c: ;   {other}
  0x000001ebab68157c: 0f1f 8400 | 6c12 000b 

  0x000001ebab681584: ;   {metadata('java/security/CodeSource')}
  0x000001ebab681584: 4c8b c848 | baf0 6005 | 0001 0000 | 0049 8b87 | b801 0000 | 488d 7828 | 493b bfc8 | 0100 000f 
  0x000001ebab6815a4: 8752 0900 | 0049 89bf | b801 0000 | 48c7 0001 | 0000 0048 | 8bca 48c1 | e903 8948 | 0848 33c9 
  0x000001ebab6815c4: 8948 0c48 | 33c9 4889 | 4810 4889 | 4818 4889 | 4820 4c8b 

  0x000001ebab6815d8: ;   {metadata(method data for {method} {0x000001ebc00fa750} 'defineClass' '(Ljava/lang/String;Ljdk/internal/loader/Resource;)Ljava/lang/Class;' in 'java/net/URLClassLoader')}
  0x000001ebab6815d8: c048 ba88 | 0593 c0eb | 0100 0048 | 8382 e804 | 0000 014c | 8b84 24d0 | 0000 0048 | 8bd0 4889 
  0x000001ebab6815f8: 8424 f000 

  0x000001ebab6815fc: ;   {optimized virtual_call}
  0x000001ebab6815fc: 0000 90e8 

  0x000001ebab681600: ; ImmutableOopMap {[168]=Oop [184]=Oop [232]=Oop [240]=Oop }
                      ;*invokespecial <init> {reexecute=0 rethrow=0 return_oop=0}
                      ; - java.net.URLClassLoader::defineClass@156
  0x000001ebab681600: 7cd8 3c07 

  0x000001ebab681604: ;   {other}
  0x000001ebab681604: 0f1f 8400 | f412 000c 

  0x000001ebab68160c: ;   {metadata(method data for {method} {0x000001ebc00fa750} 'defineClass' '(Ljava/lang/String;Ljdk/internal/loader/Resource;)Ljava/lang/Class;' in 'java/net/URLClassLoader')}
  0x000001ebab68160c: 49b8 8805 | 93c0 eb01 | 0000 4983 | 80f8 0400 

  0x000001ebab68161c: ;   {metadata(method data for {method} {0x000001ebc05617d0} 'getReadClassBytesTime' '()Ljdk/internal/perf/PerfCounter;' in 'jdk/internal/perf/PerfCounter')}
  0x000001ebab68161c: 0001 49b8 | 3838 96c0 | eb01 0000 | 418b 90cc | 0000 0083 | c202 4189 | 90cc 0000 | 0081 e2fe 
  0x000001ebab68163c: ff1f 0085 | d20f 84c1 

  0x000001ebab681644: ;   {oop(a 'jdk/internal/perf/PerfCounter'{0x0000000080fcd5e8})}
  0x000001ebab681644: 0800 0048 | bae8 d5fc | 8000 0000 | 004c 8bc2 

  0x000001ebab681654: ;   {metadata(method data for {method} {0x000001ebc00fa750} 'defineClass' '(Ljava/lang/String;Ljdk/internal/loader/Resource;)Ljava/lang/Class;' in 'java/net/URLClassLoader')}
  0x000001ebab681654: 48be 8805 | 93c0 eb01 

  0x000001ebab68165c: ;   {metadata('jdk/internal/perf/PerfCounter')}
  0x000001ebab68165c: 0000 49ba | a803 0900 | 0100 0000 | 4c89 9618 | 0500 0048 | 8386 2005 | 0000 014c | 8b84 24c0 
  0x000001ebab68167c: ;   {optimized virtual_call}
  0x000001ebab68167c: 0000 00e8 

  0x000001ebab681680: ; ImmutableOopMap {[168]=Oop [184]=Oop [232]=Oop [240]=Oop }
                      ;*invokevirtual addElapsedTimeFrom {reexecute=0 rethrow=0 return_oop=0}
                      ; - java.net.URLClassLoader::defineClass@165
  0x000001ebab681680: fcd7 3c07 

  0x000001ebab681684: ;   {other}
  0x000001ebab681684: 0f1f 8400 | 7413 000d | 488b 9424 | b800 0000 

  0x000001ebab681694: ;   {metadata(method data for {method} {0x000001ebc00fa750} 'defineClass' '(Ljava/lang/String;Ljdk/internal/loader/Resource;)Ljava/lang/Class;' in 'java/net/URLClassLoader')}
  0x000001ebab681694: 49b8 8805 | 93c0 eb01 | 0000 4983 | 8040 0500 | 0001 4c8b | 8424 a800 | 0000 4c8b | 8c24 e800 
  0x000001ebab6816b4: 0000 488b | bc24 f000 | 0000 488b | 9424 b800 

  0x000001ebab6816c4: ;   {optimized virtual_call}
  0x000001ebab6816c4: 0000 90e8 

  0x000001ebab6816c8: ; ImmutableOopMap {}
                      ;*invokevirtual defineClass {reexecute=0 rethrow=0 return_oop=0}
                      ; - java.net.URLClassLoader::defineClass@174
  0x000001ebab6816c8: b4d7 3c07 

  0x000001ebab6816cc: ;   {other}
  0x000001ebab6816cc: 0f1f 8400 | bc13 000e | 4881 c440 | 0100 005d 

  0x000001ebab6816dc: ;   {poll_return}
  0x000001ebab6816dc: 493b a748 | 0400 000f | 8740 0800 | 00c3 4c8b | 8c24 b000 | 0000 498b 

  0x000001ebab6816f4: ;   {metadata(method data for {method} {0x000001ebc00fa750} 'defineClass' '(Ljava/lang/String;Ljdk/internal/loader/Resource;)Ljava/lang/Class;' in 'java/net/URLClassLoader')}
  0x000001ebab6816f4: f948 bb88 | 0593 c0eb | 0100 008b | 7f08 48c1 | e703 483b | bb88 0500 | 0075 0d48 | 8383 9005 
  0x000001ebab681714: 0000 01e9 | 6000 0000 | 483b bb98 | 0500 0075 | 0d48 8383 | a005 0000 | 01e9 4a00 | 0000 4883 
  0x000001ebab681734: bb88 0500 | 0000 7517 | 4889 bb88 | 0500 0048 | c783 9005 | 0000 0100 | 0000 e929 | 0000 0048 
  0x000001ebab681754: 83bb 9805 | 0000 0075 | 1748 89bb | 9805 0000 | 48c7 83a0 | 0500 0001 | 0000 00e9 | 0800 0000 
  0x000001ebab681774: 4883 8378 | 0500 0001 | 498b d166 | 0f1f 4400 | 0048 b8ff | ffff ffff 

  0x000001ebab68178c: ;   {virtual_call}
  0x000001ebab68178c: ffff ffe8 

  0x000001ebab681790: ; ImmutableOopMap {[168]=Oop [176]=Oop [184]=Oop [208]=Oop }
                      ;*invokevirtual getBytes {reexecute=0 rethrow=0 return_oop=0}
                      ; - java.net.URLClassLoader::defineClass@179
  0x000001ebab681790: accd 4a07 

  0x000001ebab681794: ;   {other}
  0x000001ebab681794: 0f1f 8400 | 8414 000f | 4c8b 8c24 | b000 0000 

  0x000001ebab6817a4: ;   {metadata(method data for {method} {0x000001ebc00fa750} 'defineClass' '(Ljava/lang/String;Ljdk/internal/loader/Resource;)Ljava/lang/Class;' in 'java/net/URLClassLoader')}
  0x000001ebab6817a4: 48ba 8805 | 93c0 eb01 | 0000 458b | 4908 49c1 | e103 4c3b | 8ac0 0500 | 0075 0d48 | 8382 c805 
  0x000001ebab6817c4: 0000 01e9 | 6000 0000 | 4c3b 8ad0 | 0500 0075 | 0d48 8382 | d805 0000 | 01e9 4a00 | 0000 4883 
  0x000001ebab6817e4: bac0 0500 | 0000 7517 | 4c89 8ac0 | 0500 0048 | c782 c805 | 0000 0100 | 0000 e929 | 0000 0048 
  0x000001ebab681804: 83ba d005 | 0000 0075 | 174c 898a | d005 0000 | 48c7 82d8 | 0500 0001 | 0000 00e9 | 0800 0000 
  0x000001ebab681824: 4883 82b0 | 0500 0001 | 488b 9424 | b000 0000 | 4889 8424 | f800 0000 | 9048 b8ff | ffff ffff 
  0x000001ebab681844: ;   {virtual_call}
  0x000001ebab681844: ffff ffe8 

  0x000001ebab681848: ; ImmutableOopMap {[168]=Oop [184]=Oop [208]=Oop [248]=Oop }
                      ;*invokevirtual getCodeSigners {reexecute=0 rethrow=0 return_oop=0}
                      ; - java.net.URLClassLoader::defineClass@185
  0x000001ebab681848: 6cd0 4a07 

  0x000001ebab68184c: ;   {other}
  0x000001ebab68184c: 0f1f 8400 | 3c15 0010 

  0x000001ebab681854: ;   {metadata('java/security/CodeSource')}
  0x000001ebab681854: 4c8b c848 | baf0 6005 | 0001 0000 | 0049 8b87 | b801 0000 | 488d 7828 | 493b bfc8 | 0100 000f 
  0x000001ebab681874: 87c6 0600 | 0049 89bf | b801 0000 | 48c7 0001 | 0000 0048 | 8bca 48c1 | e903 8948 | 0848 33c9 
  0x000001ebab681894: 8948 0c48 | 33c9 4889 | 4810 4889 | 4818 4889 | 4820 4c8b 

  0x000001ebab6818a8: ;   {metadata(method data for {method} {0x000001ebc00fa750} 'defineClass' '(Ljava/lang/String;Ljdk/internal/loader/Resource;)Ljava/lang/Class;' in 'java/net/URLClassLoader')}
  0x000001ebab6818a8: c048 ba88 | 0593 c0eb | 0100 0048 | 8382 e805 | 0000 014c | 8b84 24d0 | 0000 0048 | 8bd0 4889 
  0x000001ebab6818c8: 8424 0001 

  0x000001ebab6818cc: ;   {optimized virtual_call}
  0x000001ebab6818cc: 0000 90e8 

  0x000001ebab6818d0: ; ImmutableOopMap {[168]=Oop [184]=Oop [248]=Oop [256]=Oop }
                      ;*invokespecial <init> {reexecute=0 rethrow=0 return_oop=0}
                      ; - java.net.URLClassLoader::defineClass@198
  0x000001ebab6818d0: ac68 b307 

  0x000001ebab6818d4: ;   {other}
  0x000001ebab6818d4: 0f1f 8400 | c415 0011 

  0x000001ebab6818dc: ;   {metadata(method data for {method} {0x000001ebc00fa750} 'defineClass' '(Ljava/lang/String;Ljdk/internal/loader/Resource;)Ljava/lang/Class;' in 'java/net/URLClassLoader')}
  0x000001ebab6818dc: 49b8 8805 | 93c0 eb01 | 0000 4983 | 80f8 0500 

  0x000001ebab6818ec: ;   {metadata(method data for {method} {0x000001ebc05617d0} 'getReadClassBytesTime' '()Ljdk/internal/perf/PerfCounter;' in 'jdk/internal/perf/PerfCounter')}
  0x000001ebab6818ec: 0001 49b8 | 3838 96c0 | eb01 0000 | 418b 90cc | 0000 0083 | c202 4189 | 90cc 0000 | 0081 e2fe 
  0x000001ebab68190c: ff1f 0085 | d20f 8435 

  0x000001ebab681914: ;   {oop(a 'jdk/internal/perf/PerfCounter'{0x0000000080fcd5e8})}
  0x000001ebab681914: 0600 0048 | bae8 d5fc | 8000 0000 | 004c 8bc2 

  0x000001ebab681924: ;   {metadata(method data for {method} {0x000001ebc00fa750} 'defineClass' '(Ljava/lang/String;Ljdk/internal/loader/Resource;)Ljava/lang/Class;' in 'java/net/URLClassLoader')}
  0x000001ebab681924: 48be 8805 | 93c0 eb01 | 0000 4883 | 8620 0600 | 0001 4c8b | 8424 c000 

  0x000001ebab68193c: ;   {optimized virtual_call}
  0x000001ebab68193c: 0000 90e8 

  0x000001ebab681940: ; ImmutableOopMap {[168]=Oop [184]=Oop [248]=Oop [256]=Oop }
                      ;*invokevirtual addElapsedTimeFrom {reexecute=0 rethrow=0 return_oop=0}
                      ; - java.net.URLClassLoader::defineClass@207
  0x000001ebab681940: fc92 a607 

  0x000001ebab681944: ;   {other}
  0x000001ebab681944: 0f1f 8400 | 3416 0012 | 488b 8424 | f800 0000 

  0x000001ebab681954: ; implicit exception: dispatches to 0x000001ebab681f6d
  0x000001ebab681954: 8b70 0c48 | 8b94 24b8 

  0x000001ebab68195c: ;   {metadata(method data for {method} {0x000001ebc00fa750} 'defineClass' '(Ljava/lang/String;Ljdk/internal/loader/Resource;)Ljava/lang/Class;' in 'java/net/URLClassLoader')}
  0x000001ebab68195c: 0000 0049 | b888 0593 | c0eb 0100 | 0049 8380 | 4006 0000 | 014c 8b84 | 24a8 0000 | 004c 8bc8 
  0x000001ebab68197c: bf00 0000 | 0048 8b8c | 2400 0100 | 0048 8b94 | 24b8 0000 | 0066 0f1f 

  0x000001ebab681994: ;   {optimized virtual_call}
  0x000001ebab681994: 4400 00e8 

  0x000001ebab681998: ; ImmutableOopMap {}
                      ;*invokevirtual defineClass {reexecute=0 rethrow=0 return_oop=0}
                      ; - java.net.URLClassLoader::defineClass@220
  0x000001ebab681998: 64b8 b307 

  0x000001ebab68199c: ;   {other}
  0x000001ebab68199c: 0f1f 8400 | 8c16 0013 | 4881 c440 | 0100 005d 

  0x000001ebab6819ac: ;   {poll_return}
  0x000001ebab6819ac: 493b a748 | 0400 000f | 87b9 0500 | 00c3 660f | 1f44 0000 

  0x000001ebab6819c0: ;   {no_reloc}
  0x000001ebab6819c0: e9d2 0500 | 0000 0000 | 0000 80ba | 6101 0000 | 040f 85cf | 0500 0049 | 8b87 b801 | 0000 488d 
  0x000001ebab6819e0: 7828 493b | bfc8 0100 | 000f 87b7 | 0500 0049 | 89bf b801 | 0000 48c7 | 0001 0000 | 0048 8bca 
  0x000001ebab681a00: 48c1 e903 | 8948 0848 | 33c9 8948 | 0c48 33c9 | 4889 4810 | 4889 4818 | 4889 4820 

  0x000001ebab681a1c: ;   {metadata('java/lang/StringBuilder')}
  0x000001ebab681a1c: 48ba 3034 | 0500 0100 | 0000 4889 | 8424 1001 | 0000 498b | 87b8 0100 | 0048 8d78 | 1849 3bbf 
  0x000001ebab681a3c: c801 0000 | 0f87 6d05 | 0000 4989 | bfb8 0100 | 0048 c700 | 0100 0000 | 488b ca48 | c1e9 0389 
  0x000001ebab681a5c: 4808 4833 | c989 480c | 4833 c948 | 8948 104c 

  0x000001ebab681a6c: ;   {metadata(method data for {method} {0x000001ebc00fa750} 'defineClass' '(Ljava/lang/String;Ljdk/internal/loader/Resource;)Ljava/lang/Class;' in 'java/net/URLClassLoader')}
  0x000001ebab681a6c: 8bc0 48ba | 8805 93c0 | eb01 0000 | 4883 8290 | 0300 0001 

  0x000001ebab681a80: ;   {metadata(method data for {method} {0x000001ebc00cf9c8} '<init>' '()V' in 'java/lang/StringBuilder')}
  0x000001ebab681a80: 49b8 0808 | 32c0 eb01 | 0000 418b | 90cc 0000 | 0083 c202 | 4189 90cc | 0000 0081 | e2fe ff1f 
  0x000001ebab681aa0: 0085 d20f | 8417 0500 | 004c 8bc0 

  0x000001ebab681aac: ;   {metadata(method data for {method} {0x000001ebc00cf9c8} '<init>' '()V' in 'java/lang/StringBuilder')}
  0x000001ebab681aac: 48ba 0808 | 32c0 eb01 | 0000 4883 | 8210 0100 | 0001 41b8 | 1000 0000 | 488b d048 | 8984 2408 
  0x000001ebab681acc: ;   {optimized virtual_call}
  0x000001ebab681acc: 0100 00e8 

  0x000001ebab681ad0: ; ImmutableOopMap {[216]=Oop [264]=Oop [272]=Oop }
                      ;*invokespecial <init> {reexecute=0 rethrow=0 return_oop=0}
                      ; - java.lang.StringBuilder::<init>@3
                      ; - java.net.URLClassLoader::defineClass@111
  0x000001ebab681ad0: acd3 3c07 

  0x000001ebab681ad4: ;   {other}
  0x000001ebab681ad4: 0f1f 8400 | c417 0014 | 488b 8424 | 0801 0000 

  0x000001ebab681ae4: ;   {metadata(method data for {method} {0x000001ebc00fa750} 'defineClass' '(Ljava/lang/String;Ljdk/internal/loader/Resource;)Ljava/lang/Class;' in 'java/net/URLClassLoader')}
  0x000001ebab681ae4: 49b8 8805 | 93c0 eb01 | 0000 4983 | 80a0 0300 

  0x000001ebab681af4: ;   {metadata(method data for {method} {0x000001ebc00cfe38} 'append' '(Ljava/lang/String;)Ljava/lang/StringBuilder;' in 'java/lang/StringBuilder')}
  0x000001ebab681af4: 0001 49b8 | 9816 32c0 | eb01 0000 | 418b 90cc | 0000 0083 | c202 4189 | 90cc 0000 | 0081 e2fe 
  0x000001ebab681b14: ff1f 0085 | d20f 84c2 | 0400 0048 | 8b84 2408 

  0x000001ebab681b24: ;   {metadata(method data for {method} {0x000001ebc00cfe38} 'append' '(Ljava/lang/String;)Ljava/lang/StringBuilder;' in 'java/lang/StringBuilder')}
  0x000001ebab681b24: 0100 0049 | b898 1632 | c0eb 0100 | 0049 8380 | 1001 0000 

  0x000001ebab681b38: ;   {oop("Cannot find package "{0x0000000081086bc0})}
  0x000001ebab681b38: 0149 b8c0 | 6b08 8100 | 0000 0048 | 8b94 2408 | 0100 000f 

  0x000001ebab681b4c: ;   {optimized virtual_call}
  0x000001ebab681b4c: 1f40 00e8 

  0x000001ebab681b50: ; ImmutableOopMap {[216]=Oop [264]=Oop [272]=Oop }
                      ;*invokespecial append {reexecute=0 rethrow=0 return_oop=0}
                      ; - java.lang.StringBuilder::append@2
                      ; - java.net.URLClassLoader::defineClass@116
  0x000001ebab681b50: 2cd3 3c07 

  0x000001ebab681b54: ;   {other}
  0x000001ebab681b54: 0f1f 8400 | 4418 0015 | 488b 8424 | 0801 0000 

  0x000001ebab681b64: ;   {metadata(method data for {method} {0x000001ebc00fa750} 'defineClass' '(Ljava/lang/String;Ljdk/internal/loader/Resource;)Ljava/lang/Class;' in 'java/net/URLClassLoader')}
  0x000001ebab681b64: 49b8 8805 | 93c0 eb01 | 0000 4983 | 80d8 0300 

  0x000001ebab681b74: ;   {metadata(method data for {method} {0x000001ebc00cfe38} 'append' '(Ljava/lang/String;)Ljava/lang/StringBuilder;' in 'java/lang/StringBuilder')}
  0x000001ebab681b74: 0001 49b8 | 9816 32c0 | eb01 0000 | 418b 90cc | 0000 0083 | c202 4189 | 90cc 0000 | 0081 e2fe 
  0x000001ebab681b94: ff1f 0085 | d20f 8463 | 0400 0048 | 8b84 2408 

  0x000001ebab681ba4: ;   {metadata(method data for {method} {0x000001ebc00cfe38} 'append' '(Ljava/lang/String;)Ljava/lang/StringBuilder;' in 'java/lang/StringBuilder')}
  0x000001ebab681ba4: 0100 0049 | b898 1632 | c0eb 0100 | 0049 8380 | 1001 0000 | 014c 8b84 | 24d8 0000 | 0048 8b94 
  0x000001ebab681bc4: 2408 0100 | 0066 0f1f 

  0x000001ebab681bcc: ;   {optimized virtual_call}
  0x000001ebab681bcc: 4400 00e8 

  0x000001ebab681bd0: ; ImmutableOopMap {[264]=Oop [272]=Oop }
                      ;*invokespecial append {reexecute=0 rethrow=0 return_oop=0}
                      ; - java.lang.StringBuilder::append@2
                      ; - java.net.URLClassLoader::defineClass@121
  0x000001ebab681bd0: acd2 3c07 

  0x000001ebab681bd4: ;   {other}
  0x000001ebab681bd4: 0f1f 8400 | c418 0016 | 488b 8424 | 0801 0000 

  0x000001ebab681be4: ;   {metadata(method data for {method} {0x000001ebc00fa750} 'defineClass' '(Ljava/lang/String;Ljdk/internal/loader/Resource;)Ljava/lang/Class;' in 'java/net/URLClassLoader')}
  0x000001ebab681be4: 48ba 8805 | 93c0 eb01 | 0000 4883 | 8210 0400 

  0x000001ebab681bf4: ;   {metadata(method data for {method} {0x000001ebc00d1728} 'toString' '()Ljava/lang/String;' in 'java/lang/StringBuilder')}
  0x000001ebab681bf4: 0001 48ba | c821 32c0 | eb01 0000 | 8bb2 cc00 | 0000 83c6 | 0289 b2cc | 0000 0081 | e6fe ff1f 
  0x000001ebab681c14: 0085 f60f | 8406 0400 

  0x000001ebab681c1c: ;   {metadata('java/lang/String')}
  0x000001ebab681c1c: 0048 ba90 | 2004 0001 | 0000 0049 | 8b87 b801 | 0000 488d | 7818 493b | bfc8 0100 | 000f 8705 
  0x000001ebab681c3c: 0400 0049 | 89bf b801 | 0000 48c7 | 0001 0000 | 0048 8bca | 48c1 e903 | 8948 0848 | 33c9 8948 
  0x000001ebab681c5c: 0c48 33c9 | 4889 4810 

  0x000001ebab681c64: ;   {metadata(method data for {method} {0x000001ebc00d1728} 'toString' '()Ljava/lang/String;' in 'java/lang/StringBuilder')}
  0x000001ebab681c64: 4c8b c049 | b9c8 2132 | c0eb 0100 | 0049 8381 | 1001 0000 

  0x000001ebab681c78: ;   {metadata(method data for {method} {0x000001ebc0009c78} '<init>' '(Ljava/lang/StringBuilder;)V' in 'java/lang/String')}
  0x000001ebab681c78: 0149 b810 | 2332 c0eb | 0100 0045 | 8b88 cc00 | 0000 4183 | c102 4589 | 88cc 0000 | 0041 81e1 
  0x000001ebab681c98: feff 1f00 | 4585 c90f | 84ac 0300 | 004c 8bc0 

  0x000001ebab681ca8: ;   {metadata(method data for {method} {0x000001ebc0009c78} '<init>' '(Ljava/lang/StringBuilder;)V' in 'java/lang/String')}
  0x000001ebab681ca8: 49b9 1023 | 32c0 eb01 | 0000 4983 | 8110 0100 | 0001 4c8b | 8424 0801 

  0x000001ebab681cc0: ;   {oop(nullptr)}
  0x000001ebab681cc0: 0000 49b9 | 0000 0000 | 0000 0000 | 488b d048 | 8984 2418 

  0x000001ebab681cd4: ;   {optimized virtual_call}
  0x000001ebab681cd4: 0100 00e8 

  0x000001ebab681cd8: ; ImmutableOopMap {[272]=Oop [280]=Oop }
                      ;*invokespecial <init> {reexecute=0 rethrow=0 return_oop=0}
                      ; - java.lang.String::<init>@3
                      ; - java.lang.StringBuilder::toString@5
                      ; - java.net.URLClassLoader::defineClass@124
  0x000001ebab681cd8: a4d1 3c07 

  0x000001ebab681cdc: ;   {other}
  0x000001ebab681cdc: 0f1f 8400 | cc19 0017 | 488b 8424 | 1001 0000 

  0x000001ebab681cec: ;   {metadata(method data for {method} {0x000001ebc00fa750} 'defineClass' '(Ljava/lang/String;Ljdk/internal/loader/Resource;)Ljava/lang/Class;' in 'java/net/URLClassLoader')}
  0x000001ebab681cec: 49b8 8805 | 93c0 eb01 | 0000 4983 | 8048 0400 | 0001 4c8b | 8424 1801 | 0000 488b | 9424 1001 
  0x000001ebab681d0c: ;   {optimized virtual_call}
  0x000001ebab681d0c: 0000 90e8 

  0x000001ebab681d10: ; ImmutableOopMap {[272]=Oop }
                      ;*invokespecial <init> {reexecute=0 rethrow=0 return_oop=0}
                      ; - java.net.URLClassLoader::defineClass@127
  0x000001ebab681d10: 6cd1 3c07 

  0x000001ebab681d14: ;   {other}
  0x000001ebab681d14: 0f1f 8400 | 041a 0018 | 488b 8424 | 1001 0000 | e97c 0300 | 0049 8b87 | f804 0000 | 4d33 d24d 
  0x000001ebab681d34: 8997 f804 | 0000 4d33 | d24d 8997 | 0005 0000 | 488b f048 | 8d84 2420 | 0100 0048 | 8b38 4885 
  0x000001ebab681d54: ff0f 840f | 0000 0048 | 8b58 08f0 | 480f b13b | 0f85 0803 | 0000 49ff | 8f48 0500 | 0048 8bc6 
  0x000001ebab681d74: e92c 0300 

  0x000001ebab681d78: ;   {metadata({method} {0x000001ebc00fa750} 'defineClass' '(Ljava/lang/String;Ljdk/internal/loader/Resource;)Ljava/lang/Class;' in 'java/net/URLClassLoader')}
  0x000001ebab681d78: 0049 ba48 | a70f c0eb | 0100 004c | 8954 2408 | 48c7 0424 | ffff ffff 

  0x000001ebab681d90: ;   {runtime_call counter_overflow Runtime1 stub}
  0x000001ebab681d90: e8eb af4a 

  0x000001ebab681d94: ; ImmutableOopMap {rdx=Oop r8=Oop r9=Oop [168]=Oop [176]=Oop [184]=Oop }
                      ;*synchronization entry
                      ; - java.net.URLClassLoader::defineClass@-1
  0x000001ebab681d94: 07e9 24ea 

  0x000001ebab681d98: ;   {runtime_call throw_null_pointer_exception Runtime1 stub}
  0x000001ebab681d98: ffff e881 

  0x000001ebab681d9c: ; ImmutableOopMap {r8=Oop [168]=Oop [176]=Oop [184]=Oop }
                      ;*invokevirtual lastIndexOf {reexecute=0 rethrow=0 return_oop=0}
                      ; - java.net.URLClassLoader::defineClass@7
                      ;   {metadata({method} {0x000001ebc000b730} 'lastIndexOf' '(I)I' in 'java/lang/String')}
  0x000001ebab681d9c: 4d4a 0749 | ba28 b700 | c0eb 0100 | 004c 8954 | 2408 48c7 | 0424 ffff 

  0x000001ebab681db4: ;   {runtime_call counter_overflow Runtime1 stub}
  0x000001ebab681db4: ffff e8c5 

  0x000001ebab681db8: ; ImmutableOopMap {r8=Oop [168]=Oop [176]=Oop [184]=Oop }
                      ;*synchronization entry
                      ; - java.lang.String::lastIndexOf@-1
                      ; - java.net.URLClassLoader::defineClass@7
  0x000001ebab681db8: af4a 07e9 | 73ea ffff 

  0x000001ebab681dc0: ;   {metadata({method} {0x000001ebc0009d30} 'length' '()I' in 'java/lang/String')}
  0x000001ebab681dc0: 49ba 289d | 00c0 eb01 | 0000 4c89 | 5424 0848 | c704 24ff 

  0x000001ebab681dd4: ;   {runtime_call counter_overflow Runtime1 stub}
  0x000001ebab681dd4: ffff ffe8 

  0x000001ebab681dd8: ; ImmutableOopMap {r8=Oop [168]=Oop [176]=Oop [184]=Oop }
                      ;*synchronization entry
                      ; - java.lang.String::length@-1
                      ; - java.lang.String::lastIndexOf@3
                      ; - java.net.URLClassLoader::defineClass@7
  0x000001ebab681dd8: a4af 4a07 | e98e eaff 

  0x000001ebab681de0: ;   {runtime_call throw_null_pointer_exception Runtime1 stub}
  0x000001ebab681de0: ffe8 3a4d 

  0x000001ebab681de4: ; ImmutableOopMap {r8=Oop rsi=Oop [168]=Oop [176]=Oop [184]=Oop }
                      ;*arraylength {reexecute=0 rethrow=0 return_oop=0}
                      ; - java.lang.String::length@4
                      ; - java.lang.String::lastIndexOf@3
                      ; - java.net.URLClassLoader::defineClass@7
                      ;   {metadata({method} {0x000001ebc000f8a0} 'coder' '()B' in 'java/lang/String')}
  0x000001ebab681de4: 4a07 49ba | 98f8 00c0 | eb01 0000 | 4c89 5424 | 0848 c704 | 24ff ffff 

  0x000001ebab681dfc: ;   {runtime_call counter_overflow Runtime1 stub}
  0x000001ebab681dfc: ffe8 7eaf 

  0x000001ebab681e00: ; ImmutableOopMap {r8=Oop rsi=Oop [168]=Oop [176]=Oop [184]=Oop }
                      ;*synchronization entry
                      ; - java.lang.String::coder@-1
                      ; - java.lang.String::length@6
                      ; - java.lang.String::lastIndexOf@3
                      ; - java.net.URLClassLoader::defineClass@7
  0x000001ebab681e00: 4a07 e9b0 

  0x000001ebab681e04: ;   {metadata({method} {0x000001ebc000b7f8} 'lastIndexOf' '(II)I' in 'java/lang/String')}
  0x000001ebab681e04: eaff ff49 | baf0 b700 | c0eb 0100 | 004c 8954 | 2408 48c7 | 0424 ffff 

  0x000001ebab681e1c: ;   {runtime_call counter_overflow Runtime1 stub}
  0x000001ebab681e1c: ffff e85d 

  0x000001ebab681e20: ; ImmutableOopMap {r8=Oop rsi=Oop [168]=Oop [176]=Oop [184]=Oop }
                      ;*synchronization entry
                      ; - java.lang.String::lastIndexOf@-1
                      ; - java.lang.String::lastIndexOf@8
                      ; - java.net.URLClassLoader::defineClass@7
  0x000001ebab681e20: af4a 07e9 | 00eb ffff 

  0x000001ebab681e28: ;   {metadata({method} {0x000001ebc000fa20} 'isLatin1' '()Z' in 'java/lang/String')}
  0x000001ebab681e28: 49ba 18fa | 00c0 eb01 | 0000 4c89 | 5424 0848 | c704 24ff 

  0x000001ebab681e3c: ;   {runtime_call counter_overflow Runtime1 stub}
  0x000001ebab681e3c: ffff ffe8 

  0x000001ebab681e40: ; ImmutableOopMap {r8=Oop rsi=Oop [168]=Oop [176]=Oop [184]=Oop }
                      ;*synchronization entry
                      ; - java.lang.String::isLatin1@-1
                      ; - java.lang.String::lastIndexOf@1
                      ; - java.lang.String::lastIndexOf@8
                      ; - java.net.URLClassLoader::defineClass@7
  0x000001ebab681e40: 3caf 4a07 | e91b ebff 

  0x000001ebab681e48: ;   {runtime_call throw_null_pointer_exception Runtime1 stub}
  0x000001ebab681e48: ffe8 d24c 

  0x000001ebab681e4c: ; ImmutableOopMap {r9=Oop [168]=Oop [176]=Oop [184]=Oop }
                      ;*invokevirtual getCodeSourceURL {reexecute=0 rethrow=0 return_oop=0}
                      ; - java.net.URLClassLoader::defineClass@13
                      ;   {metadata({method} {0x000001ebc0513f30} 'getByteBuffer' '()Ljava/nio/ByteBuffer;' in 'jdk/internal/loader/Resource')}
  0x000001ebab681e4c: 4a07 49ba | 283f 51c0 | eb01 0000 | 4c89 5424 | 0848 c704 | 24ff ffff 

  0x000001ebab681e64: ;   {runtime_call counter_overflow Runtime1 stub}
  0x000001ebab681e64: ffe8 16af 

  0x000001ebab681e68: ; ImmutableOopMap {r9=Oop [168]=Oop [176]=Oop [184]=Oop [208]=Oop }
                      ;*synchronization entry
                      ; - jdk.internal.loader.Resource::getByteBuffer@-1
                      ; - java.net.URLClassLoader::defineClass@132
  0x000001ebab681e68: 4a07 e9ad | f1ff ff4c | 894c 2408 | 4889 1424 

  0x000001ebab681e78: ;   {runtime_call monitorenter_nofpu Runtime1 stub}
  0x000001ebab681e78: e803 854a 

  0x000001ebab681e7c: ; ImmutableOopMap {r9=Oop [168]=Oop [176]=Oop [184]=Oop [208]=Oop [296]=Oop }
                      ;*synchronization entry
                      ; - jdk.internal.loader.Resource::cachedInputStream@-1
                      ; - jdk.internal.loader.Resource::getByteBuffer@1
                      ; - java.net.URLClassLoader::defineClass@132
  0x000001ebab681e7c: 07e9 e9f1 

  0x000001ebab681e80: ;   {metadata({method} {0x000001ebc0513bc8} 'cachedInputStream' '()Ljava/io/InputStream;' in 'jdk/internal/loader/Resource')}
  0x000001ebab681e80: ffff 49ba | c03b 51c0 | eb01 0000 | 4c89 5424 | 0848 c704 | 24ff ffff 

  0x000001ebab681e98: ;   {runtime_call counter_overflow Runtime1 stub}
  0x000001ebab681e98: ffe8 e2ae 

  0x000001ebab681e9c: ; ImmutableOopMap {r9=Oop [168]=Oop [176]=Oop [184]=Oop [208]=Oop [296]=Oop }
                      ;*synchronization entry
                      ; - jdk.internal.loader.Resource::cachedInputStream@-1
                      ; - jdk.internal.loader.Resource::getByteBuffer@1
                      ; - java.net.URLClassLoader::defineClass@132
  0x000001ebab681e9c: 4a07 e9ef | f1ff ff41 | 8b51 0c48 | 83fa 000f | 84d0 f2ff | ff48 8914 

  0x000001ebab681eb4: ;   {runtime_call g1_pre_barrier_slow}
  0x000001ebab681eb4: 24e8 c6b5 | 4a07 e9c2 | f2ff ff48 | 83f8 000f | 84d3 f2ff | ff4c 890c 

  0x000001ebab681ecc: ;   {runtime_call g1_post_barrier_slow}
  0x000001ebab681ecc: 24e8 2eb9 | 4a07 e9c5 | f2ff ff48 | 8d84 2420 | 0100 0048 

  0x000001ebab681ee0: ;   {runtime_call monitorexit_nofpu Runtime1 stub}
  0x000001ebab681ee0: 8904 24e8 | 188b 4a07 | e9dd f2ff | ff48 8914 

  0x000001ebab681ef0: ;   {runtime_call throw_class_cast_exception Runtime1 stub}
  0x000001ebab681ef0: 24e8 2a78 

  0x000001ebab681ef4: ; ImmutableOopMap {[168]=Oop [176]=Oop [184]=Oop [208]=Oop }
                      ;*checkcast {reexecute=0 rethrow=0 return_oop=0}
                      ; - jdk.internal.loader.Resource::getByteBuffer@13
                      ; - java.net.URLClassLoader::defineClass@132
                      ;   {runtime_call throw_null_pointer_exception Runtime1 stub}
  0x000001ebab681ef4: 4a07 e825 

  0x000001ebab681ef8: ; ImmutableOopMap {rdx=Oop [168]=Oop [176]=Oop [184]=Oop [208]=Oop }
                      ;*invokeinterface getByteBuffer {reexecute=0 rethrow=0 return_oop=0}
                      ; - jdk.internal.loader.Resource::getByteBuffer@16
                      ; - java.net.URLClassLoader::defineClass@132
  0x000001ebab681ef8: 4c4a 0748 

  0x000001ebab681efc: ;   {runtime_call fast_new_instance Runtime1 stub}
  0x000001ebab681efc: 8bd2 e8fd 

  0x000001ebab681f00: ; ImmutableOopMap {r9=Oop [168]=Oop [184]=Oop [208]=Oop [232]=Oop }
                      ;*new {reexecute=0 rethrow=0 return_oop=0}
                      ; - java.net.URLClassLoader::defineClass@148
  0x000001ebab681f00: 564a 07e9 | cef6 ffff 

  0x000001ebab681f08: ;   {metadata({method} {0x000001ebc05617d0} 'getReadClassBytesTime' '()Ljdk/internal/perf/PerfCounter;' in 'jdk/internal/perf/PerfCounter')}
  0x000001ebab681f08: 49ba c817 | 56c0 eb01 | 0000 4c89 | 5424 0848 | c704 24ff 

  0x000001ebab681f1c: ;   {runtime_call counter_overflow Runtime1 stub}
  0x000001ebab681f1c: ffff ffe8 

  0x000001ebab681f20: ; ImmutableOopMap {[168]=Oop [184]=Oop [232]=Oop [240]=Oop }
                      ;*synchronization entry
                      ; - jdk.internal.perf.PerfCounter::getReadClassBytesTime@-1
                      ; - java.net.URLClassLoader::defineClass@161
  0x000001ebab681f20: 5cae 4a07 | e91e f7ff 

  0x000001ebab681f28: ;   {internal_word}
  0x000001ebab681f28: ff49 badc | 1668 abeb | 0100 004d | 8997 6004 

  0x000001ebab681f38: ;   {runtime_call SafepointBlob}
  0x000001ebab681f38: 0000 e941 | 4c3d 0748 

  0x000001ebab681f40: ;   {runtime_call fast_new_instance Runtime1 stub}
  0x000001ebab681f40: 8bd2 e8b9 

  0x000001ebab681f44: ; ImmutableOopMap {r9=Oop [168]=Oop [184]=Oop [208]=Oop [248]=Oop }
                      ;*new {reexecute=0 rethrow=0 return_oop=0}
                      ; - java.net.URLClassLoader::defineClass@190
  0x000001ebab681f44: 564a 07e9 | 5af9 ffff 

  0x000001ebab681f4c: ;   {metadata({method} {0x000001ebc05617d0} 'getReadClassBytesTime' '()Ljdk/internal/perf/PerfCounter;' in 'jdk/internal/perf/PerfCounter')}
  0x000001ebab681f4c: 49ba c817 | 56c0 eb01 | 0000 4c89 | 5424 0848 | c704 24ff 

  0x000001ebab681f60: ;   {runtime_call counter_overflow Runtime1 stub}
  0x000001ebab681f60: ffff ffe8 

  0x000001ebab681f64: ; ImmutableOopMap {[168]=Oop [184]=Oop [248]=Oop [256]=Oop }
                      ;*synchronization entry
                      ; - jdk.internal.perf.PerfCounter::getReadClassBytesTime@-1
                      ; - java.net.URLClassLoader::defineClass@203
  0x000001ebab681f64: 18ae 4a07 | e9aa f9ff 

  0x000001ebab681f6c: ;   {runtime_call throw_null_pointer_exception Runtime1 stub}
  0x000001ebab681f6c: ffe8 ae4b 

  0x000001ebab681f70: ; ImmutableOopMap {rax=Oop [168]=Oop [184]=Oop [256]=Oop }
                      ;*arraylength {reexecute=0 rethrow=0 return_oop=0}
                      ; - java.net.URLClassLoader::defineClass@217
                      ;   {internal_word}
  0x000001ebab681f70: 4a07 49ba | ac19 68ab | eb01 0000 | 4d89 9760 

  0x000001ebab681f80: ;   {runtime_call SafepointBlob}
  0x000001ebab681f80: 0400 00e9 | f84b 3d07 

  0x000001ebab681f88: ;   {metadata(nullptr)}
  0x000001ebab681f88: 48ba 0000 | 0000 0000 | 0000 b800 

  0x000001ebab681f94: ;   {runtime_call load_klass_patching Runtime1 stub}
  0x000001ebab681f94: 0f05 0ae8 

  0x000001ebab681f98: ; ImmutableOopMap {[216]=Oop }
                      ;*new {reexecute=1 rethrow=0 return_oop=0}
                      ; - (reexecute) java.net.URLClassLoader::defineClass@103
  0x000001ebab681f98: 6497 4a07 | e91f faff 

  0x000001ebab681fa0: ;   {runtime_call throw_null_pointer_exception Runtime1 stub}
  0x000001ebab681fa0: ffe8 7a4b 

  0x000001ebab681fa4: ; ImmutableOopMap {[216]=Oop }
                      ;*new {reexecute=0 rethrow=0 return_oop=0}
                      ; - java.net.URLClassLoader::defineClass@103
  0x000001ebab681fa4: 4a07 488b 

  0x000001ebab681fa8: ;   {runtime_call fast_new_instance_init_check Runtime1 stub}
  0x000001ebab681fa8: d2e8 525a 

  0x000001ebab681fac: ; ImmutableOopMap {[216]=Oop }
                      ;*new {reexecute=0 rethrow=0 return_oop=0}
                      ; - java.net.URLClassLoader::defineClass@103
  0x000001ebab681fac: 4a07 e969 | faff ff48 

  0x000001ebab681fb4: ;   {runtime_call fast_new_instance Runtime1 stub}
  0x000001ebab681fb4: 8bd2 e845 

  0x000001ebab681fb8: ; ImmutableOopMap {[216]=Oop [272]=Oop }
                      ;*new {reexecute=0 rethrow=0 return_oop=0}
                      ; - java.net.URLClassLoader::defineClass@107
  0x000001ebab681fb8: 564a 07e9 | abfa ffff 

  0x000001ebab681fc0: ;   {metadata({method} {0x000001ebc00cf9c8} '<init>' '()V' in 'java/lang/StringBuilder')}
  0x000001ebab681fc0: 49ba c0f9 | 0cc0 eb01 | 0000 4c89 | 5424 0848 | c704 24ff 

  0x000001ebab681fd4: ;   {runtime_call counter_overflow Runtime1 stub}
  0x000001ebab681fd4: ffff ffe8 

  0x000001ebab681fd8: ; ImmutableOopMap {rax=Oop [216]=Oop [272]=Oop }
                      ;*synchronization entry
                      ; - java.lang.StringBuilder::<init>@-1
                      ; - java.net.URLClassLoader::defineClass@111
  0x000001ebab681fd8: a4ad 4a07 | e9c8 faff 

  0x000001ebab681fe0: ;   {metadata({method} {0x000001ebc00cfe38} 'append' '(Ljava/lang/String;)Ljava/lang/StringBuilder;' in 'java/lang/StringBuilder')}
  0x000001ebab681fe0: ff49 ba30 | fe0c c0eb | 0100 004c | 8954 2408 | 48c7 0424 | ffff ffff 

  0x000001ebab681ff8: ;   {runtime_call counter_overflow Runtime1 stub}
  0x000001ebab681ff8: e883 ad4a 

  0x000001ebab681ffc: ; ImmutableOopMap {[216]=Oop [264]=Oop [272]=Oop }
                      ;*synchronization entry
                      ; - java.lang.StringBuilder::append@-1
                      ; - java.net.URLClassLoader::defineClass@116
  0x000001ebab681ffc: 07e9 1dfb 

  0x000001ebab682000: ;   {metadata({method} {0x000001ebc00cfe38} 'append' '(Ljava/lang/String;)Ljava/lang/StringBuilder;' in 'java/lang/StringBuilder')}
  0x000001ebab682000: ffff 49ba | 30fe 0cc0 | eb01 0000 | 4c89 5424 | 0848 c704 | 24ff ffff 

  0x000001ebab682018: ;   {runtime_call counter_overflow Runtime1 stub}
  0x000001ebab682018: ffe8 62ad 

  0x000001ebab68201c: ; ImmutableOopMap {[216]=Oop [264]=Oop [272]=Oop }
                      ;*synchronization entry
                      ; - java.lang.StringBuilder::append@-1
                      ; - java.net.URLClassLoader::defineClass@121
  0x000001ebab68201c: 4a07 e97c 

  0x000001ebab682020: ;   {metadata({method} {0x000001ebc00d1728} 'toString' '()Ljava/lang/String;' in 'java/lang/StringBuilder')}
  0x000001ebab682020: fbff ff49 | ba20 170d | c0eb 0100 | 004c 8954 | 2408 48c7 | 0424 ffff 

  0x000001ebab682038: ;   {runtime_call counter_overflow Runtime1 stub}
  0x000001ebab682038: ffff e841 

  0x000001ebab68203c: ; ImmutableOopMap {[264]=Oop [272]=Oop }
                      ;*synchronization entry
                      ; - java.lang.StringBuilder::toString@-1
                      ; - java.net.URLClassLoader::defineClass@124
  0x000001ebab68203c: ad4a 07e9 | d9fb ffff 

  0x000001ebab682044: ;   {runtime_call fast_new_instance Runtime1 stub}
  0x000001ebab682044: 488b d2e8 

  0x000001ebab682048: ; ImmutableOopMap {[264]=Oop [272]=Oop }
                      ;*new {reexecute=0 rethrow=0 return_oop=0}
                      ; - java.lang.StringBuilder::toString@0
                      ; - java.net.URLClassLoader::defineClass@124
  0x000001ebab682048: b455 4a07 | e913 fcff 

  0x000001ebab682050: ;   {metadata({method} {0x000001ebc0009c78} '<init>' '(Ljava/lang/StringBuilder;)V' in 'java/lang/String')}
  0x000001ebab682050: ff49 ba70 | 9c00 c0eb | 0100 004c | 8954 2408 | 48c7 0424 | ffff ffff 

  0x000001ebab682068: ;   {runtime_call counter_overflow Runtime1 stub}
  0x000001ebab682068: e813 ad4a 

  0x000001ebab68206c: ; ImmutableOopMap {rax=Oop [264]=Oop [272]=Oop }
                      ;*synchronization entry
                      ; - java.lang.String::<init>@-1
                      ; - java.lang.StringBuilder::toString@5
                      ; - java.net.URLClassLoader::defineClass@124
  0x000001ebab68206c: 07e9 33fc | ffff 488d | 8424 2001 | 0000 4889 

  0x000001ebab68207c: ;   {runtime_call monitorexit_nofpu Runtime1 stub}
  0x000001ebab68207c: 0424 e87d | 894a 07e9 | e9fc ffff | 498b 87f8 | 0400 0049 | c787 f804 | 0000 0000 | 0000 49c7 
  0x000001ebab68209c: 8700 0500 | 0000 0000 | 0048 81c4 | 4001 0000 

  0x000001ebab6820ac: ;   {runtime_call unwind_exception Runtime1 stub}
  0x000001ebab6820ac: 5de9 4e2f | 4a07 f4f4 | f4f4 f4f4 
[Stub Code]
  0x000001ebab6820b8: ;   {no_reloc}
  0x000001ebab6820b8: 0f1f 4400 

  0x000001ebab6820bc: ;   {static_stub}
  0x000001ebab6820bc: 0048 bb00 | 0000 0000 

  0x000001ebab6820c4: ;   {runtime_call nmethod}
  0x000001ebab6820c4: 0000 00e9 | fbff ffff 

  0x000001ebab6820cc: ;   {static_stub}
  0x000001ebab6820cc: 9048 bb00 | 0000 0000 

  0x000001ebab6820d4: ;   {runtime_call nmethod}
  0x000001ebab6820d4: 0000 00e9 | fbff ffff 

  0x000001ebab6820dc: ;   {static_stub}
  0x000001ebab6820dc: 9048 bb00 | 0000 0000 

  0x000001ebab6820e4: ;   {runtime_call nmethod}
  0x000001ebab6820e4: 0000 00e9 | fbff ffff 

  0x000001ebab6820ec: ;   {static_stub}
  0x000001ebab6820ec: 9048 bb00 | 0000 0000 

  0x000001ebab6820f4: ;   {runtime_call nmethod}
  0x000001ebab6820f4: 0000 00e9 | fbff ffff 

  0x000001ebab6820fc: ;   {static_stub}
  0x000001ebab6820fc: 9048 bb00 | 0000 0000 

  0x000001ebab682104: ;   {runtime_call nmethod}
  0x000001ebab682104: 0000 00e9 | fbff ffff 

  0x000001ebab68210c: ;   {static_stub}
  0x000001ebab68210c: 9048 bb00 | 0000 0000 

  0x000001ebab682114: ;   {runtime_call nmethod}
  0x000001ebab682114: 0000 00e9 | fbff ffff 

  0x000001ebab68211c: ;   {static_stub}
  0x000001ebab68211c: 9048 bb00 | 0000 0000 

  0x000001ebab682124: ;   {runtime_call nmethod}
  0x000001ebab682124: 0000 00e9 | fbff ffff 

  0x000001ebab68212c: ;   {static_stub}
  0x000001ebab68212c: 9048 bb00 | 0000 0000 

  0x000001ebab682134: ;   {runtime_call nmethod}
  0x000001ebab682134: 0000 00e9 | fbff ffff 

  0x000001ebab68213c: ;   {static_stub}
  0x000001ebab68213c: 9048 bb00 | 0000 0000 

  0x000001ebab682144: ;   {runtime_call nmethod}
  0x000001ebab682144: 0000 00e9 | fbff ffff 

  0x000001ebab68214c: ;   {static_stub}
  0x000001ebab68214c: 9048 bb00 | 0000 0000 

  0x000001ebab682154: ;   {runtime_call nmethod}
  0x000001ebab682154: 0000 00e9 | fbff ffff 

  0x000001ebab68215c: ;   {static_stub}
  0x000001ebab68215c: 9048 bb00 | 0000 0000 

  0x000001ebab682164: ;   {runtime_call nmethod}
  0x000001ebab682164: 0000 00e9 | fbff ffff 

  0x000001ebab68216c: ;   {static_stub}
  0x000001ebab68216c: 9048 bb00 | 0000 0000 

  0x000001ebab682174: ;   {runtime_call nmethod}
  0x000001ebab682174: 0000 00e9 | fbff ffff 

  0x000001ebab68217c: ;   {static_stub}
  0x000001ebab68217c: 9048 bb00 | 0000 0000 

  0x000001ebab682184: ;   {runtime_call nmethod}
  0x000001ebab682184: 0000 00e9 | fbff ffff 

  0x000001ebab68218c: ;   {static_stub}
  0x000001ebab68218c: 9048 bb00 | 0000 0000 

  0x000001ebab682194: ;   {runtime_call nmethod}
  0x000001ebab682194: 0000 00e9 | fbff ffff 

  0x000001ebab68219c: ;   {static_stub}
  0x000001ebab68219c: 48bb 0000 | 0000 0000 

  0x000001ebab6821a4: ;   {runtime_call nmethod}
  0x000001ebab6821a4: 0000 e9fb 

  0x000001ebab6821a8: ;   {static_stub}
  0x000001ebab6821a8: ffff ff48 | bb00 0000 | 0000 0000 

  0x000001ebab6821b4: ;   {runtime_call nmethod}
  0x000001ebab6821b4: 00e9 fbff 

  0x000001ebab6821b8: ;   {static_stub}
  0x000001ebab6821b8: ffff 48bb | 0000 0000 | 0000 0000 

  0x000001ebab6821c4: ;   {runtime_call nmethod}
  0x000001ebab6821c4: e9fb ffff 

  0x000001ebab6821c8: ;   {static_stub}
  0x000001ebab6821c8: ff48 bb00 | 0000 0000 

  0x000001ebab6821d0: ;   {runtime_call nmethod}
  0x000001ebab6821d0: 0000 00e9 | fbff ffff 

  0x000001ebab6821d8: ;   {static_stub}
  0x000001ebab6821d8: 48bb 0000 | 0000 0000 

  0x000001ebab6821e0: ;   {runtime_call nmethod}
  0x000001ebab6821e0: 0000 e9fb 

  0x000001ebab6821e4: ;   {static_stub}
  0x000001ebab6821e4: ffff ff48 | bb00 0000 | 0000 0000 

  0x000001ebab6821f0: ;   {runtime_call nmethod}
  0x000001ebab6821f0: 00e9 fbff 

  0x000001ebab6821f4: ;   {static_stub}
  0x000001ebab6821f4: ffff 48bb | 0000 0000 | 0000 0000 

  0x000001ebab682200: ;   {runtime_call nmethod}
  0x000001ebab682200: e9fb ffff 

  0x000001ebab682204: ;   {static_stub}
  0x000001ebab682204: ff48 bb00 | 0000 0000 

  0x000001ebab68220c: ;   {runtime_call nmethod}
  0x000001ebab68220c: 0000 00e9 | fbff ffff 

  0x000001ebab682214: ;   {static_stub}
  0x000001ebab682214: 48bb 0000 | 0000 0000 

  0x000001ebab68221c: ;   {runtime_call nmethod}
  0x000001ebab68221c: 0000 e9fb 

  0x000001ebab682220: ;   {runtime_call handle_exception_from_callee Runtime1 stub}
  0x000001ebab682220: ffff ffe8 | d86e 4a07 

  0x000001ebab682228: ;   {external_word}
  0x000001ebab682228: 48b9 7061 | b898 fe7f | 0000 4883 

  0x000001ebab682234: ;   {runtime_call}
  0x000001ebab682234: e4f0 48b8 | 10cd 8698 | fe7f 0000 

  0x000001ebab682240: ;   {section_word}
  0x000001ebab682240: ffd0 f449 | ba43 2268 | abeb 0100 

  0x000001ebab68224c: ;   {runtime_call DeoptimizationBlob}
  0x000001ebab68224c: 0041 52e9 | cc5d 3d07 | f4f4 f4f4 
[/MachCode]


---------------  P R O C E S S  ---------------

Threads class SMR info:
_java_thread_list=0x000001ebc77a7180, length=36, elements={
0x000001eba837edd0, 0x000001ebbf2ff9d0, 0x000001ebbf30b3c0, 0x000001ebbf30be20,
0x000001ebbf30d3f0, 0x000001ebbf310a20, 0x000001ebbf311480, 0x000001ebbf324490,
0x000001ebbf324e30, 0x000001ebbf3a6270, 0x000001ebbf765df0, 0x000001ebc46cb390,
0x000001ebc52f57e0, 0x000001ebc48727f0, 0x000001ebc54802b0, 0x000001ebc5480920,
0x000001ebc52aefd0, 0x000001ebc52a9760, 0x000001ebc52ab830, 0x000001ebc52a9df0,
0x000001ebc52a90d0, 0x000001ebc52aa480, 0x000001ebc52aab10, 0x000001ebc52ab1a0,
0x000001ebc52abec0, 0x000001ebc5f6eb70, 0x000001ebc5f6b6f0, 0x000001ebc5f6caa0,
0x000001ebc5f6c410, 0x000001ebc5f6bd80, 0x000001ebc5f6de50, 0x000001ebc5f6f200,
0x000001ebc5f6e4e0, 0x000001ebc5f6d130, 0x000001ebc5f6f890, 0x000001ebc5f70c40
}

Java Threads: ( => current thread )
  0x000001eba837edd0 JavaThread "main"                              [_thread_blocked, id=17312, stack(0x0000005ce5600000,0x0000005ce5700000) (1024K)]
  0x000001ebbf2ff9d0 JavaThread "Common-Cleaner"             daemon [_thread_blocked, id=3460, stack(0x0000005ce5f00000,0x0000005ce6000000) (1024K)]
  0x000001ebbf30b3c0 JavaThread "Reference Handler"          daemon [_thread_blocked, id=24716, stack(0x0000005ce6000000,0x0000005ce6100000) (1024K)]
  0x000001ebbf30be20 JavaThread "Finalizer"                  daemon [_thread_blocked, id=24276, stack(0x0000005ce6100000,0x0000005ce6200000) (1024K)]
  0x000001ebbf30d3f0 JavaThread "Signal Dispatcher"          daemon [_thread_blocked, id=20040, stack(0x0000005ce6200000,0x0000005ce6300000) (1024K)]
  0x000001ebbf310a20 JavaThread "Attach Listener"            daemon [_thread_blocked, id=1604, stack(0x0000005ce6300000,0x0000005ce6400000) (1024K)]
  0x000001ebbf311480 JavaThread "Service Thread"             daemon [_thread_blocked, id=2752, stack(0x0000005ce6400000,0x0000005ce6500000) (1024K)]
  0x000001ebbf324490 JavaThread "Monitor Deflation Thread"   daemon [_thread_blocked, id=24560, stack(0x0000005ce6500000,0x0000005ce6600000) (1024K)]
  0x000001ebbf324e30 JavaThread "C2 CompilerThread0"         daemon [_thread_blocked, id=20636, stack(0x0000005ce6600000,0x0000005ce6700000) (1024K)]
  0x000001ebbf3a6270 JavaThread "C1 CompilerThread0"         daemon [_thread_blocked, id=23096, stack(0x0000005ce6700000,0x0000005ce6800000) (1024K)]
  0x000001ebbf765df0 JavaThread "Notification Thread"        daemon [_thread_blocked, id=18856, stack(0x0000005ce6800000,0x0000005ce6900000) (1024K)]
  0x000001ebc46cb390 JavaThread "Daemon health stats"               [_thread_blocked, id=25196, stack(0x0000005ce6c00000,0x0000005ce6d00000) (1024K)]
  0x000001ebc52f57e0 JavaThread "Incoming local TCP Connector on port 1153"        [_thread_in_native, id=23920, stack(0x0000005ce6d00000,0x0000005ce6e00000) (1024K)]
  0x000001ebc48727f0 JavaThread "Daemon periodic checks"            [_thread_blocked, id=25040, stack(0x0000005ce6e00000,0x0000005ce6f00000) (1024K)]
  0x000001ebc54802b0 JavaThread "Daemon"                            [_thread_blocked, id=9812, stack(0x0000005ce6f00000,0x0000005ce7000000) (1024K)]
  0x000001ebc5480920 JavaThread "Handler for socket connection from /127.0.0.1:1153 to /127.0.0.1:1154"        [_thread_in_native, id=20024, stack(0x0000005ce7000000,0x0000005ce7100000) (1024K)]
  0x000001ebc52aefd0 JavaThread "Cancel handler"                    [_thread_blocked, id=25492, stack(0x0000005ce7100000,0x0000005ce7200000) (1024K)]
=>0x000001ebc52a9760 JavaThread "Daemon worker"                     [_thread_in_vm, id=12552, stack(0x0000005ce7200000,0x0000005ce7300000) (1024K)]
  0x000001ebc52ab830 JavaThread "Asynchronous log dispatcher for DefaultDaemonConnection: socket connection from /127.0.0.1:1153 to /127.0.0.1:1154"        [_thread_blocked, id=23272, stack(0x0000005ce7300000,0x0000005ce7400000) (1024K)]
  0x000001ebc52a9df0 JavaThread "Stdin handler"                     [_thread_blocked, id=19336, stack(0x0000005ce7400000,0x0000005ce7500000) (1024K)]
  0x000001ebc52a90d0 JavaThread "Daemon client event forwarder"        [_thread_blocked, id=24208, stack(0x0000005ce7500000,0x0000005ce7600000) (1024K)]
  0x000001ebc52aa480 JavaThread "Cache worker for journal cache (C:\Users\ASUS\.gradle\caches\journal-1)"        [_thread_blocked, id=23748, stack(0x0000005ce7600000,0x0000005ce7700000) (1024K)]
  0x000001ebc52aab10 JavaThread "File lock request listener"        [_thread_in_native, id=15684, stack(0x0000005ce7700000,0x0000005ce7800000) (1024K)]
  0x000001ebc52ab1a0 JavaThread "Cache worker for file hash cache (C:\Users\ASUS\.gradle\caches\8.14\fileHashes)"        [_thread_blocked, id=22152, stack(0x0000005ce7800000,0x0000005ce7900000) (1024K)]
  0x000001ebc52abec0 JavaThread "Cache worker for file hash cache (D:\ShreeGanesh\.gradle\8.14\fileHashes)"        [_thread_blocked, id=17052, stack(0x0000005ce7a00000,0x0000005ce7b00000) (1024K)]
  0x000001ebc5f6eb70 JavaThread "Cache worker for Build Output Cleanup Cache (D:\ShreeGanesh\.gradle\buildOutputCleanup)"        [_thread_blocked, id=4544, stack(0x0000005ce7b00000,0x0000005ce7c00000) (1024K)]
  0x000001ebc5f6b6f0 JavaThread "File watcher server"        daemon [_thread_in_native, id=8284, stack(0x0000005ce7c00000,0x0000005ce7d00000) (1024K)]
  0x000001ebc5f6caa0 JavaThread "File watcher consumer"      daemon [_thread_blocked, id=15148, stack(0x0000005ce7d00000,0x0000005ce7e00000) (1024K)]
  0x000001ebc5f6c410 JavaThread "jar transforms"                    [_thread_blocked, id=1208, stack(0x0000005ce7e00000,0x0000005ce7f00000) (1024K)]
  0x000001ebc5f6bd80 JavaThread "jar transforms Thread 2"           [_thread_blocked, id=20372, stack(0x0000005ce7f00000,0x0000005ce8000000) (1024K)]
  0x000001ebc5f6de50 JavaThread "jar transforms Thread 3"           [_thread_blocked, id=17776, stack(0x0000005ce8000000,0x0000005ce8100000) (1024K)]
  0x000001ebc5f6f200 JavaThread "jar transforms Thread 4"           [_thread_blocked, id=3616, stack(0x0000005ce8100000,0x0000005ce8200000) (1024K)]
  0x000001ebc5f6e4e0 JavaThread "Cache worker for checksums cache (D:\ShreeGanesh\.gradle\8.14\checksums)"        [_thread_blocked, id=22292, stack(0x0000005ce8200000,0x0000005ce8300000) (1024K)]
  0x000001ebc5f6d130 JavaThread "Cache worker for file content cache (C:\Users\ASUS\.gradle\caches\8.14\fileContent)"        [_thread_blocked, id=9344, stack(0x0000005ce8300000,0x0000005ce8400000) (1024K)]
  0x000001ebc5f6f890 JavaThread "Cache worker for cache directory md-supplier (C:\Users\ASUS\.gradle\caches\8.14\md-supplier)"        [_thread_blocked, id=25596, stack(0x0000005ce8400000,0x0000005ce8500000) (1024K)]
  0x000001ebc5f70c40 JavaThread "Cache worker for cache directory md-rule (C:\Users\ASUS\.gradle\caches\8.14\md-rule)"        [_thread_blocked, id=23000, stack(0x0000005ce8500000,0x0000005ce8600000) (1024K)]
Total: 36

Other Threads:
  0x000001ebbf28d740 VMThread "VM Thread"                           [id=6724, stack(0x0000005ce5e00000,0x0000005ce5f00000) (1024K)]
  0x000001ebbf281640 WatcherThread "VM Periodic Task Thread"        [id=17868, stack(0x0000005ce5d00000,0x0000005ce5e00000) (1024K)]
  0x000001eba83d59a0 WorkerThread "GC Thread#0"                     [id=23860, stack(0x0000005ce5800000,0x0000005ce5900000) (1024K)]
  0x000001ebbf891340 WorkerThread "GC Thread#1"                     [id=14352, stack(0x0000005ce6900000,0x0000005ce6a00000) (1024K)]
  0x000001ebbf8916e0 WorkerThread "GC Thread#2"                     [id=22156, stack(0x0000005ce6a00000,0x0000005ce6b00000) (1024K)]
  0x000001ebbf891a80 WorkerThread "GC Thread#3"                     [id=4288, stack(0x0000005ce6b00000,0x0000005ce6c00000) (1024K)]
  0x000001eba608bfa0 ConcurrentGCThread "G1 Main Marker"            [id=8948, stack(0x0000005ce5900000,0x0000005ce5a00000) (1024K)]
  0x000001eba608c9b0 WorkerThread "G1 Conc#0"                       [id=19664, stack(0x0000005ce5a00000,0x0000005ce5b00000) (1024K)]
  0x000001ebbf0e22f0 ConcurrentGCThread "G1 Refine#0"               [id=11200, stack(0x0000005ce5b00000,0x0000005ce5c00000) (1024K)]
  0x000001ebbf0e2980 ConcurrentGCThread "G1 Service"                [id=25332, stack(0x0000005ce5c00000,0x0000005ce5d00000) (1024K)]
Total: 10

Threads with active compile tasks:
Total: 0

VM state: not at safepoint (normal execution)

VM Mutex/Monitor currently owned by a thread:  ([mutex/lock_event])
[0x00007ffe98df6438] Metaspace_lock - owner thread: 0x000001ebc52a9760

Heap address: 0x0000000080000000, size: 2048 MB, Compressed Oops mode: 32-bit

CDS archive(s) not mapped
Compressed class space mapped at: 0x0000000100000000-0x0000000140000000, reserved size: 1073741824
Narrow klass base: 0x0000000000000000, Narrow klass shift: 3, Narrow klass range: 0x140000000

GC Precious Log:
 CardTable entry size: 512
 Card Set container configuration: InlinePtr #cards 5 size 8 Array Of Cards #cards 12 size 40 Howl #buckets 4 coarsen threshold 1843 Howl Bitmap #cards 512 size 80 coarsen threshold 460 Card regions per heap region 1 cards per card region 2048
 CPUs: 4 total, 4 available
 Memory: 20174M
 Large Page Support: Disabled
 NUMA Support: Disabled
 Compressed Oops: Enabled (32-bit)
 Heap Region Size: 1M
 Heap Min Capacity: 8M
 Heap Initial Capacity: 316M
 Heap Max Capacity: 2G
 Pre-touch: Disabled
 Parallel Workers: 4
 Concurrent Workers: 1
 Concurrent Refinement Workers: 4
 Periodic GC: Disabled

Heap:
 garbage-first heap   total 119808K, used 82319K [0x0000000080000000, 0x0000000100000000)
  region size 1024K, 15 young (15360K), 4 survivors (4096K)
 Metaspace       used 56900K, committed 58304K, reserved 1114112K
  class space    used 8017K, committed 8704K, reserved 1048576K

Heap Regions: E=young(eden), S=young(survivor), O=old, HS=humongous(starts), HC=humongous(continues), CS=collection set, F=free, TAMS=top-at-mark-start, PB=parsable bottom
|   0|0x0000000080000000, 0x0000000080100000, 0x0000000080100000|100%|HS|  |TAMS 0x0000000080000000| PB 0x0000000080000000| Complete 
|   1|0x0000000080100000, 0x0000000080200000, 0x0000000080200000|100%|HC|  |TAMS 0x0000000080100000| PB 0x0000000080100000| Complete 
|   2|0x0000000080200000, 0x0000000080300000, 0x0000000080300000|100%|HC|  |TAMS 0x0000000080200000| PB 0x0000000080200000| Complete 
|   3|0x0000000080300000, 0x0000000080400000, 0x0000000080400000|100%| O|  |TAMS 0x0000000080300000| PB 0x0000000080300000| Untracked 
|   4|0x0000000080400000, 0x0000000080500000, 0x0000000080500000|100%| O|  |TAMS 0x0000000080400000| PB 0x0000000080400000| Untracked 
|   5|0x0000000080500000, 0x0000000080600000, 0x0000000080600000|100%| O|  |TAMS 0x0000000080500000| PB 0x0000000080500000| Untracked 
|   6|0x0000000080600000, 0x0000000080700000, 0x0000000080700000|100%| O|  |TAMS 0x0000000080600000| PB 0x0000000080600000| Untracked 
|   7|0x0000000080700000, 0x0000000080800000, 0x0000000080800000|100%|HS|  |TAMS 0x0000000080700000| PB 0x0000000080700000| Complete 
|   8|0x0000000080800000, 0x0000000080900000, 0x0000000080900000|100%| O|  |TAMS 0x0000000080800000| PB 0x0000000080800000| Untracked 
|   9|0x0000000080900000, 0x0000000080a00000, 0x0000000080a00000|100%| O|  |TAMS 0x0000000080900000| PB 0x0000000080900000| Untracked 
|  10|0x0000000080a00000, 0x0000000080b00000, 0x0000000080b00000|100%| O|  |TAMS 0x0000000080a00000| PB 0x0000000080a00000| Untracked 
|  11|0x0000000080b00000, 0x0000000080c00000, 0x0000000080c00000|100%| O|  |TAMS 0x0000000080b00000| PB 0x0000000080b00000| Untracked 
|  12|0x0000000080c00000, 0x0000000080d00000, 0x0000000080d00000|100%| O|  |TAMS 0x0000000080c00000| PB 0x0000000080c00000| Untracked 
|  13|0x0000000080d00000, 0x0000000080e00000, 0x0000000080e00000|100%| O|  |TAMS 0x0000000080d00000| PB 0x0000000080d00000| Untracked 
|  14|0x0000000080e00000, 0x0000000080f00000, 0x0000000080f00000|100%| O|  |TAMS 0x0000000080e00000| PB 0x0000000080e00000| Untracked 
|  15|0x0000000080f00000, 0x0000000081000000, 0x0000000081000000|100%| O|  |TAMS 0x0000000080f00000| PB 0x0000000080f00000| Untracked 
|  16|0x0000000081000000, 0x0000000081100000, 0x0000000081100000|100%| O|  |TAMS 0x0000000081000000| PB 0x0000000081000000| Untracked 
|  17|0x0000000081100000, 0x0000000081200000, 0x0000000081200000|100%| O|  |TAMS 0x0000000081100000| PB 0x0000000081100000| Untracked 
|  18|0x0000000081200000, 0x0000000081300000, 0x0000000081300000|100%| O|  |TAMS 0x0000000081200000| PB 0x0000000081200000| Untracked 
|  19|0x0000000081300000, 0x0000000081400000, 0x0000000081400000|100%| O|  |TAMS 0x0000000081300000| PB 0x0000000081300000| Untracked 
|  20|0x0000000081400000, 0x0000000081500000, 0x0000000081500000|100%| O|  |TAMS 0x0000000081400000| PB 0x0000000081400000| Untracked 
|  21|0x0000000081500000, 0x0000000081600000, 0x0000000081600000|100%|HS|  |TAMS 0x0000000081500000| PB 0x0000000081500000| Complete 
|  22|0x0000000081600000, 0x0000000081700000, 0x0000000081700000|100%|HC|  |TAMS 0x0000000081600000| PB 0x0000000081600000| Complete 
|  23|0x0000000081700000, 0x0000000081800000, 0x0000000081800000|100%|HC|  |TAMS 0x0000000081700000| PB 0x0000000081700000| Complete 
|  24|0x0000000081800000, 0x0000000081900000, 0x0000000081900000|100%|HC|  |TAMS 0x0000000081800000| PB 0x0000000081800000| Complete 
|  25|0x0000000081900000, 0x0000000081a00000, 0x0000000081a00000|100%|HC|  |TAMS 0x0000000081900000| PB 0x0000000081900000| Complete 
|  26|0x0000000081a00000, 0x0000000081b00000, 0x0000000081b00000|100%|HC|  |TAMS 0x0000000081a00000| PB 0x0000000081a00000| Complete 
|  27|0x0000000081b00000, 0x0000000081c00000, 0x0000000081c00000|100%| O|  |TAMS 0x0000000081b00000| PB 0x0000000081b00000| Untracked 
|  28|0x0000000081c00000, 0x0000000081d00000, 0x0000000081d00000|100%| O|  |TAMS 0x0000000081c00000| PB 0x0000000081c00000| Untracked 
|  29|0x0000000081d00000, 0x0000000081e00000, 0x0000000081e00000|100%| O|  |TAMS 0x0000000081d00000| PB 0x0000000081d00000| Untracked 
|  30|0x0000000081e00000, 0x0000000081f00000, 0x0000000081f00000|100%|HS|  |TAMS 0x0000000081e00000| PB 0x0000000081e00000| Complete 
|  31|0x0000000081f00000, 0x0000000082000000, 0x0000000082000000|100%|HS|  |TAMS 0x0000000081f00000| PB 0x0000000081f00000| Complete 
|  32|0x0000000082000000, 0x0000000082100000, 0x0000000082100000|100%|HC|  |TAMS 0x0000000082000000| PB 0x0000000082000000| Complete 
|  33|0x0000000082100000, 0x0000000082200000, 0x0000000082200000|100%|HS|  |TAMS 0x0000000082100000| PB 0x0000000082100000| Complete 
|  34|0x0000000082200000, 0x0000000082300000, 0x0000000082300000|100%| O|  |TAMS 0x0000000082200000| PB 0x0000000082200000| Untracked 
|  35|0x0000000082300000, 0x0000000082400000, 0x0000000082400000|100%| O|  |TAMS 0x0000000082300000| PB 0x0000000082300000| Untracked 
|  36|0x0000000082400000, 0x0000000082500000, 0x0000000082500000|100%|HS|  |TAMS 0x0000000082400000| PB 0x0000000082400000| Complete 
|  37|0x0000000082500000, 0x0000000082600000, 0x0000000082600000|100%|HC|  |TAMS 0x0000000082500000| PB 0x0000000082500000| Complete 
|  38|0x0000000082600000, 0x0000000082700000, 0x0000000082700000|100%|HC|  |TAMS 0x0000000082600000| PB 0x0000000082600000| Complete 
|  39|0x0000000082700000, 0x0000000082800000, 0x0000000082800000|100%|HC|  |TAMS 0x0000000082700000| PB 0x0000000082700000| Complete 
|  40|0x0000000082800000, 0x0000000082900000, 0x0000000082900000|100%|HS|  |TAMS 0x0000000082800000| PB 0x0000000082800000| Complete 
|  41|0x0000000082900000, 0x0000000082a00000, 0x0000000082a00000|100%|HC|  |TAMS 0x0000000082900000| PB 0x0000000082900000| Complete 
|  42|0x0000000082a00000, 0x0000000082b00000, 0x0000000082b00000|100%|HC|  |TAMS 0x0000000082a00000| PB 0x0000000082a00000| Complete 
|  43|0x0000000082b00000, 0x0000000082c00000, 0x0000000082c00000|100%|HC|  |TAMS 0x0000000082b00000| PB 0x0000000082b00000| Complete 
|  44|0x0000000082c00000, 0x0000000082d00000, 0x0000000082d00000|100%|HC|  |TAMS 0x0000000082c00000| PB 0x0000000082c00000| Complete 
|  45|0x0000000082d00000, 0x0000000082e00000, 0x0000000082e00000|100%|HC|  |TAMS 0x0000000082d00000| PB 0x0000000082d00000| Complete 
|  46|0x0000000082e00000, 0x0000000082f00000, 0x0000000082f00000|100%|HS|  |TAMS 0x0000000082e00000| PB 0x0000000082e00000| Complete 
|  47|0x0000000082f00000, 0x0000000083000000, 0x0000000083000000|100%|HS|  |TAMS 0x0000000082f00000| PB 0x0000000082f00000| Complete 
|  48|0x0000000083000000, 0x0000000083100000, 0x0000000083100000|100%|HC|  |TAMS 0x0000000083000000| PB 0x0000000083000000| Complete 
|  49|0x0000000083100000, 0x0000000083200000, 0x0000000083200000|100%| O|Cm|TAMS 0x0000000083100000| PB 0x0000000083100000| Complete 
|  50|0x0000000083200000, 0x00000000832f4c20, 0x0000000083300000| 95%| O|  |TAMS 0x0000000083200000| PB 0x0000000083200000| Untracked 
|  51|0x0000000083300000, 0x0000000083300000, 0x0000000083400000|  0%| F|  |TAMS 0x0000000083300000| PB 0x0000000083300000| Untracked 
|  52|0x0000000083400000, 0x0000000083400000, 0x0000000083500000|  0%| F|  |TAMS 0x0000000083400000| PB 0x0000000083400000| Untracked 
|  53|0x0000000083500000, 0x0000000083500000, 0x0000000083600000|  0%| F|  |TAMS 0x0000000083500000| PB 0x0000000083500000| Untracked 
|  54|0x0000000083600000, 0x0000000083700000, 0x0000000083700000|100%|HS|  |TAMS 0x0000000083600000| PB 0x0000000083600000| Complete 
|  55|0x0000000083700000, 0x0000000083800000, 0x0000000083800000|100%|HC|  |TAMS 0x0000000083700000| PB 0x0000000083700000| Complete 
|  56|0x0000000083800000, 0x0000000083900000, 0x0000000083900000|100%|HC|  |TAMS 0x0000000083800000| PB 0x0000000083800000| Complete 
|  57|0x0000000083900000, 0x0000000083a00000, 0x0000000083a00000|100%|HC|  |TAMS 0x0000000083900000| PB 0x0000000083900000| Complete 
|  58|0x0000000083a00000, 0x0000000083b00000, 0x0000000083b00000|100%|HS|  |TAMS 0x0000000083a00000| PB 0x0000000083a00000| Complete 
|  59|0x0000000083b00000, 0x0000000083c00000, 0x0000000083c00000|100%| O|  |TAMS 0x0000000083b00000| PB 0x0000000083b00000| Untracked 
|  60|0x0000000083c00000, 0x0000000083d00000, 0x0000000083d00000|100%| O|  |TAMS 0x0000000083c00000| PB 0x0000000083c00000| Untracked 
|  61|0x0000000083d00000, 0x0000000083e00000, 0x0000000083e00000|100%| O|  |TAMS 0x0000000083d00000| PB 0x0000000083d00000| Untracked 
|  62|0x0000000083e00000, 0x0000000083e00000, 0x0000000083f00000|  0%| F|  |TAMS 0x0000000083e00000| PB 0x0000000083e00000| Untracked 
|  63|0x0000000083f00000, 0x0000000083f00000, 0x0000000084000000|  0%| F|  |TAMS 0x0000000083f00000| PB 0x0000000083f00000| Untracked 
|  64|0x0000000084000000, 0x0000000084000000, 0x0000000084100000|  0%| F|  |TAMS 0x0000000084000000| PB 0x0000000084000000| Untracked 
|  65|0x0000000084100000, 0x0000000084100000, 0x0000000084200000|  0%| F|  |TAMS 0x0000000084100000| PB 0x0000000084100000| Untracked 
|  66|0x0000000084200000, 0x0000000084200000, 0x0000000084300000|  0%| F|  |TAMS 0x0000000084200000| PB 0x0000000084200000| Untracked 
|  67|0x0000000084300000, 0x0000000084300000, 0x0000000084400000|  0%| F|  |TAMS 0x0000000084300000| PB 0x0000000084300000| Untracked 
|  68|0x0000000084400000, 0x0000000084400000, 0x0000000084500000|  0%| F|  |TAMS 0x0000000084400000| PB 0x0000000084400000| Untracked 
|  69|0x0000000084500000, 0x0000000084500000, 0x0000000084600000|  0%| F|  |TAMS 0x0000000084500000| PB 0x0000000084500000| Untracked 
|  70|0x0000000084600000, 0x0000000084600000, 0x0000000084700000|  0%| F|  |TAMS 0x0000000084600000| PB 0x0000000084600000| Untracked 
|  71|0x0000000084700000, 0x0000000084700000, 0x0000000084800000|  0%| F|  |TAMS 0x0000000084700000| PB 0x0000000084700000| Untracked 
|  72|0x0000000084800000, 0x0000000084800000, 0x0000000084900000|  0%| F|  |TAMS 0x0000000084800000| PB 0x0000000084800000| Untracked 
|  73|0x0000000084900000, 0x0000000084900000, 0x0000000084a00000|  0%| F|  |TAMS 0x0000000084900000| PB 0x0000000084900000| Untracked 
|  74|0x0000000084a00000, 0x0000000084a00000, 0x0000000084b00000|  0%| F|  |TAMS 0x0000000084a00000| PB 0x0000000084a00000| Untracked 
|  75|0x0000000084b00000, 0x0000000084b00000, 0x0000000084c00000|  0%| F|  |TAMS 0x0000000084b00000| PB 0x0000000084b00000| Untracked 
|  76|0x0000000084c00000, 0x0000000084c00000, 0x0000000084d00000|  0%| F|  |TAMS 0x0000000084c00000| PB 0x0000000084c00000| Untracked 
|  77|0x0000000084d00000, 0x0000000084d6f0c0, 0x0000000084e00000| 43%| S|CS|TAMS 0x0000000084d00000| PB 0x0000000084d00000| Complete 
|  78|0x0000000084e00000, 0x0000000084f00000, 0x0000000084f00000|100%| S|CS|TAMS 0x0000000084e00000| PB 0x0000000084e00000| Complete 
|  79|0x0000000084f00000, 0x0000000085000000, 0x0000000085000000|100%| S|CS|TAMS 0x0000000084f00000| PB 0x0000000084f00000| Complete 
|  80|0x0000000085000000, 0x0000000085100000, 0x0000000085100000|100%| S|CS|TAMS 0x0000000085000000| PB 0x0000000085000000| Complete 
|  81|0x0000000085100000, 0x0000000085100000, 0x0000000085200000|  0%| F|  |TAMS 0x0000000085100000| PB 0x0000000085100000| Untracked 
|  82|0x0000000085200000, 0x0000000085200000, 0x0000000085300000|  0%| F|  |TAMS 0x0000000085200000| PB 0x0000000085200000| Untracked 
|  83|0x0000000085300000, 0x0000000085300000, 0x0000000085400000|  0%| F|  |TAMS 0x0000000085300000| PB 0x0000000085300000| Untracked 
|  84|0x0000000085400000, 0x0000000085400000, 0x0000000085500000|  0%| F|  |TAMS 0x0000000085400000| PB 0x0000000085400000| Untracked 
|  85|0x0000000085500000, 0x0000000085500000, 0x0000000085600000|  0%| F|  |TAMS 0x0000000085500000| PB 0x0000000085500000| Untracked 
|  86|0x0000000085600000, 0x0000000085600000, 0x0000000085700000|  0%| F|  |TAMS 0x0000000085600000| PB 0x0000000085600000| Untracked 
|  87|0x0000000085700000, 0x0000000085700000, 0x0000000085800000|  0%| F|  |TAMS 0x0000000085700000| PB 0x0000000085700000| Untracked 
|  88|0x0000000085800000, 0x0000000085800000, 0x0000000085900000|  0%| F|  |TAMS 0x0000000085800000| PB 0x0000000085800000| Untracked 
|  89|0x0000000085900000, 0x0000000085900000, 0x0000000085a00000|  0%| F|  |TAMS 0x0000000085900000| PB 0x0000000085900000| Untracked 
|  90|0x0000000085a00000, 0x0000000085a00000, 0x0000000085b00000|  0%| F|  |TAMS 0x0000000085a00000| PB 0x0000000085a00000| Untracked 
|  91|0x0000000085b00000, 0x0000000085b00000, 0x0000000085c00000|  0%| F|  |TAMS 0x0000000085b00000| PB 0x0000000085b00000| Untracked 
|  92|0x0000000085c00000, 0x0000000085c00000, 0x0000000085d00000|  0%| F|  |TAMS 0x0000000085c00000| PB 0x0000000085c00000| Untracked 
|  93|0x0000000085d00000, 0x0000000085d00000, 0x0000000085e00000|  0%| F|  |TAMS 0x0000000085d00000| PB 0x0000000085d00000| Untracked 
|  94|0x0000000085e00000, 0x0000000085e00000, 0x0000000085f00000|  0%| F|  |TAMS 0x0000000085e00000| PB 0x0000000085e00000| Untracked 
|  95|0x0000000085f00000, 0x0000000085f00000, 0x0000000086000000|  0%| F|  |TAMS 0x0000000085f00000| PB 0x0000000085f00000| Untracked 
| 211|0x000000008d300000, 0x000000008d300000, 0x000000008d400000|  0%| F|  |TAMS 0x000000008d300000| PB 0x000000008d300000| Untracked 
| 212|0x000000008d400000, 0x000000008d400000, 0x000000008d500000|  0%| F|  |TAMS 0x000000008d400000| PB 0x000000008d400000| Untracked 
| 213|0x000000008d500000, 0x000000008d600000, 0x000000008d600000|100%| E|  |TAMS 0x000000008d500000| PB 0x000000008d500000| Complete 
| 214|0x000000008d600000, 0x000000008d700000, 0x000000008d700000|100%| E|CS|TAMS 0x000000008d600000| PB 0x000000008d600000| Complete 
| 215|0x000000008d700000, 0x000000008d800000, 0x000000008d800000|100%| E|CS|TAMS 0x000000008d700000| PB 0x000000008d700000| Complete 
| 216|0x000000008d800000, 0x000000008d900000, 0x000000008d900000|100%| E|CS|TAMS 0x000000008d800000| PB 0x000000008d800000| Complete 
| 217|0x000000008d900000, 0x000000008da00000, 0x000000008da00000|100%| E|CS|TAMS 0x000000008d900000| PB 0x000000008d900000| Complete 
| 218|0x000000008da00000, 0x000000008db00000, 0x000000008db00000|100%| E|CS|TAMS 0x000000008da00000| PB 0x000000008da00000| Complete 
| 219|0x000000008db00000, 0x000000008dc00000, 0x000000008dc00000|100%| E|CS|TAMS 0x000000008db00000| PB 0x000000008db00000| Complete 
| 220|0x000000008dc00000, 0x000000008dd00000, 0x000000008dd00000|100%| E|CS|TAMS 0x000000008dc00000| PB 0x000000008dc00000| Complete 
| 221|0x000000008dd00000, 0x000000008de00000, 0x000000008de00000|100%| E|CS|TAMS 0x000000008dd00000| PB 0x000000008dd00000| Complete 
| 222|0x000000008de00000, 0x000000008df00000, 0x000000008df00000|100%| E|CS|TAMS 0x000000008de00000| PB 0x000000008de00000| Complete 
| 315|0x0000000093b00000, 0x0000000093c00000, 0x0000000093c00000|100%| E|CS|TAMS 0x0000000093b00000| PB 0x0000000093b00000| Complete 
|2040|0x00000000ff800000, 0x00000000ff900000, 0x00000000ff900000|100%| O|  |TAMS 0x00000000ff800000| PB 0x00000000ff800000| Untracked 
|2041|0x00000000ff900000, 0x00000000ffa00000, 0x00000000ffa00000|100%| O|  |TAMS 0x00000000ff900000| PB 0x00000000ff900000| Untracked 
|2042|0x00000000ffa00000, 0x00000000ffb00000, 0x00000000ffb00000|100%| O|  |TAMS 0x00000000ffa00000| PB 0x00000000ffa00000| Untracked 
|2043|0x00000000ffb00000, 0x00000000ffc00000, 0x00000000ffc00000|100%| O|  |TAMS 0x00000000ffb00000| PB 0x00000000ffb00000| Untracked 
|2044|0x00000000ffc00000, 0x00000000ffd00000, 0x00000000ffd00000|100%| O|  |TAMS 0x00000000ffc00000| PB 0x00000000ffc00000| Untracked 
|2045|0x00000000ffd00000, 0x00000000ffe00000, 0x00000000ffe00000|100%| O|  |TAMS 0x00000000ffd00000| PB 0x00000000ffd00000| Untracked 
|2046|0x00000000ffe00000, 0x00000000fff00000, 0x00000000fff00000|100%| O|  |TAMS 0x00000000ffe00000| PB 0x00000000ffe00000| Untracked 
|2047|0x00000000fff00000, 0x0000000100000000, 0x0000000100000000|100%| O|  |TAMS 0x00000000fff00000| PB 0x00000000fff00000| Untracked 

Card table byte_map: [0x000001ebba8d0000,0x000001ebbacd0000] _byte_map_base: 0x000001ebba4d0000

Marking Bits: (CMBitMap*) 0x000001eba83d5fb0
 Bits: [0x000001ebbacd0000, 0x000001ebbccd0000)

Polling page: 0x000001eba6120000

Metaspace:

Usage:
  Non-class:     47.74 MB used.
      Class:      7.83 MB used.
       Both:     55.57 MB used.

Virtual space:
  Non-class space:       64.00 MB reserved,      48.44 MB ( 76%) committed,  1 nodes.
      Class space:        1.00 GB reserved,       8.50 MB ( <1%) committed,  1 nodes.
             Both:        1.06 GB reserved,      56.94 MB (  5%) committed. 

Chunk freelists:
   Non-Class:  15.30 MB
       Class:  7.33 MB
        Both:  22.62 MB

MaxMetaspaceSize: unlimited
CompressedClassSpaceSize: 1.00 GB
Initial GC threshold: 21.00 MB
Current GC threshold: 86.69 MB
CDS: off
 - commit_granule_bytes: 65536.
 - commit_granule_words: 8192.
 - virtual_space_node_default_size: 8388608.
 - enlarge_chunks_in_place: 1.
 - use_allocation_guard: 0.


Internal statistics:

num_allocs_failed_limit: 6.
num_arena_births: 2840.
num_arena_deaths: 0.
num_vsnodes_births: 2.
num_vsnodes_deaths: 0.
num_space_committed: 911.
num_space_uncommitted: 0.
num_chunks_returned_to_freelist: 6.
num_chunks_taken_from_freelist: 5136.
num_chunk_merges: 6.
num_chunk_splits: 3273.
num_chunks_enlarged: 1952.
num_inconsistent_stats: 0.

CodeHeap 'non-profiled nmethods': size=120000Kb used=2768Kb max_used=2848Kb free=117231Kb
 bounds [0x000001ebb2fa0000, 0x000001ebb3270000, 0x000001ebba4d0000]
CodeHeap 'profiled nmethods': size=120000Kb used=8529Kb max_used=8529Kb free=111470Kb
 bounds [0x000001ebab4d0000, 0x000001ebabd30000, 0x000001ebb2a00000]
CodeHeap 'non-nmethods': size=5760Kb used=2916Kb max_used=2969Kb free=2843Kb
 bounds [0x000001ebb2a00000, 0x000001ebb2cf0000, 0x000001ebb2fa0000]
CodeCache: size=245760Kb, used=14213Kb, max_used=14346Kb, free=231544Kb
 total_blobs=5351, nmethods=4506, adapters=748, full_count=0
Compilation: enabled, stopped_count=0, restarted_count=0

Compilation events (20 events):
Event: 10.327 Thread 0x000001ebbf3a6270 nmethod 5167 0x000001ebabd1e110 code [0x000001ebabd1e3e0, 0x000001ebabd1efc0]
Event: 10.327 Thread 0x000001ebbf3a6270 5168       3       java.util.concurrent.ConcurrentLinkedQueue::<init> (21 bytes)
Event: 10.328 Thread 0x000001ebbf3a6270 nmethod 5168 0x000001ebabd1f410 code [0x000001ebabd1f5e0, 0x000001ebabd1f9d8]
Event: 10.328 Thread 0x000001ebbf3a6270 5169       3       java.util.concurrent.ConcurrentLinkedQueue$Node::<init> (5 bytes)
Event: 10.328 Thread 0x000001ebbf3a6270 nmethod 5169 0x000001ebabd1fb90 code [0x000001ebabd1fd40, 0x000001ebabd1fea8]
Event: 10.339 Thread 0x000001ebbf324e30 nmethod 5157 0x000001ebb3132910 code [0x000001ebb3132c80, 0x000001ebb31353e8]
Event: 10.341 Thread 0x000001ebbf324e30 5170       4       java.lang.invoke.MemberName::flagsMods (45 bytes)
Event: 10.342 Thread 0x000001ebbf324e30 nmethod 5170 0x000001ebb3132610 code [0x000001ebb3132780, 0x000001ebb31327f8]
Event: 10.355 Thread 0x000001ebbf3a6270 5171       3       com.google.common.collect.Iterators::singletonIterator (9 bytes)
Event: 10.355 Thread 0x000001ebbf3a6270 nmethod 5171 0x000001ebabd1ff90 code [0x000001ebabd20140, 0x000001ebabd203f8]
Event: 10.355 Thread 0x000001ebbf3a6270 5172       3       com.google.common.collect.Iterators$SingletonIterator::<init> (10 bytes)
Event: 10.356 Thread 0x000001ebbf3a6270 nmethod 5172 0x000001ebabd20510 code [0x000001ebabd206c0, 0x000001ebabd208e0]
Event: 10.366 Thread 0x000001ebbf3a6270 5173       3       com.google.common.collect.RegularImmutableMap::fromEntryArrayCheckingBucketOverflow (282 bytes)
Event: 10.368 Thread 0x000001ebbf3a6270 nmethod 5173 0x000001ebabd20a10 code [0x000001ebabd20e00, 0x000001ebabd22a20]
Event: 10.371 Thread 0x000001ebc679e040 5174       4       com.google.common.collect.CollectPreconditions::checkEntryNotNull (68 bytes)
Event: 10.371 Thread 0x000001ebbf3a6270 5176       3       com.google.common.collect.RegularImmutableMap::get (64 bytes)
Event: 10.372 Thread 0x000001ebc679e040 nmethod 5174 0x000001ebb3132310 code [0x000001ebb31324a0, 0x000001ebb3132548]
Event: 10.372 Thread 0x000001ebbf3a6270 nmethod 5176 0x000001ebabd23610 code [0x000001ebabd23820, 0x000001ebabd23d98]
Event: 10.372 Thread 0x000001ebbf3a6270 5175       3       com.google.common.collect.RegularImmutableMap::get (13 bytes)
Event: 10.372 Thread 0x000001ebbf3a6270 nmethod 5175 0x000001ebabd23f90 code [0x000001ebabd24140, 0x000001ebabd24288]

GC Heap History (20 events):
Event: 4.424 GC heap before
{Heap before GC invocations=4 (full 0):
 garbage-first heap   total 68608K, used 47406K [0x0000000080000000, 0x0000000100000000)
  region size 1024K, 40 young (40960K), 12 survivors (12288K)
 Metaspace       used 26192K, committed 26688K, reserved 1114112K
  class space    used 3283K, committed 3520K, reserved 1048576K
}
Event: 4.435 GC heap after
{Heap after GC invocations=5 (full 0):
 garbage-first heap   total 68608K, used 21472K [0x0000000080000000, 0x0000000100000000)
  region size 1024K, 2 young (2048K), 2 survivors (2048K)
 Metaspace       used 26192K, committed 26688K, reserved 1114112K
  class space    used 3283K, committed 3520K, reserved 1048576K
}
Event: 5.376 GC heap before
{Heap before GC invocations=5 (full 0):
 garbage-first heap   total 68608K, used 55264K [0x0000000080000000, 0x0000000100000000)
  region size 1024K, 35 young (35840K), 2 survivors (2048K)
 Metaspace       used 30920K, committed 31488K, reserved 1114112K
  class space    used 4145K, committed 4416K, reserved 1048576K
}
Event: 5.385 GC heap after
{Heap after GC invocations=6 (full 0):
 garbage-first heap   total 68608K, used 24141K [0x0000000080000000, 0x0000000100000000)
  region size 1024K, 4 young (4096K), 4 survivors (4096K)
 Metaspace       used 30920K, committed 31488K, reserved 1114112K
  class space    used 4145K, committed 4416K, reserved 1048576K
}
Event: 6.110 GC heap before
{Heap before GC invocations=6 (full 0):
 garbage-first heap   total 68608K, used 54861K [0x0000000080000000, 0x0000000100000000)
  region size 1024K, 35 young (35840K), 4 survivors (4096K)
 Metaspace       used 35194K, committed 35968K, reserved 1114112K
  class space    used 4888K, committed 5248K, reserved 1048576K
}
Event: 6.116 GC heap after
{Heap after GC invocations=7 (full 0):
 garbage-first heap   total 68608K, used 25926K [0x0000000080000000, 0x0000000100000000)
  region size 1024K, 5 young (5120K), 5 survivors (5120K)
 Metaspace       used 35194K, committed 35968K, reserved 1114112K
  class space    used 4888K, committed 5248K, reserved 1048576K
}
Event: 6.719 GC heap before
{Heap before GC invocations=8 (full 0):
 garbage-first heap   total 73728K, used 72006K [0x0000000080000000, 0x0000000100000000)
  region size 1024K, 23 young (23552K), 5 survivors (5120K)
 Metaspace       used 36843K, committed 37696K, reserved 1114112K
  class space    used 5188K, committed 5568K, reserved 1048576K
}
Event: 6.726 GC heap after
{Heap after GC invocations=9 (full 0):
 garbage-first heap   total 84992K, used 61322K [0x0000000080000000, 0x0000000100000000)
  region size 1024K, 5 young (5120K), 5 survivors (5120K)
 Metaspace       used 36843K, committed 37696K, reserved 1114112K
  class space    used 5188K, committed 5568K, reserved 1048576K
}
Event: 6.984 GC heap before
{Heap before GC invocations=9 (full 0):
 garbage-first heap   total 84992K, used 74634K [0x0000000080000000, 0x0000000100000000)
  region size 1024K, 18 young (18432K), 5 survivors (5120K)
 Metaspace       used 38608K, committed 39424K, reserved 1114112K
  class space    used 5426K, committed 5824K, reserved 1048576K
}
Event: 6.987 GC heap after
{Heap after GC invocations=10 (full 0):
 garbage-first heap   total 84992K, used 61152K [0x0000000080000000, 0x0000000100000000)
  region size 1024K, 1 young (1024K), 1 survivors (1024K)
 Metaspace       used 38608K, committed 39424K, reserved 1114112K
  class space    used 5426K, committed 5824K, reserved 1048576K
}
Event: 7.511 GC heap before
{Heap before GC invocations=10 (full 0):
 garbage-first heap   total 84992K, used 75488K [0x0000000080000000, 0x0000000100000000)
  region size 1024K, 15 young (15360K), 1 survivors (1024K)
 Metaspace       used 40779K, committed 41728K, reserved 1114112K
  class space    used 5799K, committed 6272K, reserved 1048576K
}
Event: 7.514 GC heap after
{Heap after GC invocations=11 (full 0):
 garbage-first heap   total 102400K, used 61928K [0x0000000080000000, 0x0000000100000000)
  region size 1024K, 2 young (2048K), 2 survivors (2048K)
 Metaspace       used 40779K, committed 41728K, reserved 1114112K
  class space    used 5799K, committed 6272K, reserved 1048576K
}
Event: 8.239 GC heap before
{Heap before GC invocations=12 (full 0):
 garbage-first heap   total 106496K, used 89576K [0x0000000080000000, 0x0000000100000000)
  region size 1024K, 30 young (30720K), 2 survivors (2048K)
 Metaspace       used 46628K, committed 47552K, reserved 1114112K
  class space    used 6424K, committed 6912K, reserved 1048576K
}
Event: 8.244 GC heap after
{Heap after GC invocations=13 (full 0):
 garbage-first heap   total 106496K, used 65176K [0x0000000080000000, 0x0000000100000000)
  region size 1024K, 4 young (4096K), 4 survivors (4096K)
 Metaspace       used 46628K, committed 47552K, reserved 1114112K
  class space    used 6424K, committed 6912K, reserved 1048576K
}
Event: 8.674 GC heap before
{Heap before GC invocations=13 (full 0):
 garbage-first heap   total 106496K, used 99992K [0x0000000080000000, 0x0000000100000000)
  region size 1024K, 34 young (34816K), 4 survivors (4096K)
 Metaspace       used 48782K, committed 49792K, reserved 1114112K
  class space    used 6629K, committed 7104K, reserved 1048576K
}
Event: 8.683 GC heap after
{Heap after GC invocations=14 (full 0):
 garbage-first heap   total 110592K, used 68593K [0x0000000080000000, 0x0000000100000000)
  region size 1024K, 4 young (4096K), 4 survivors (4096K)
 Metaspace       used 48782K, committed 49792K, reserved 1114112K
  class space    used 6629K, committed 7104K, reserved 1048576K
}
Event: 9.358 GC heap before
{Heap before GC invocations=14 (full 0):
 garbage-first heap   total 110592K, used 99313K [0x0000000080000000, 0x0000000100000000)
  region size 1024K, 34 young (34816K), 4 survivors (4096K)
 Metaspace       used 51991K, committed 53248K, reserved 1114112K
  class space    used 7174K, committed 7808K, reserved 1048576K
}
Event: 9.365 GC heap after
{Heap after GC invocations=15 (full 0):
 garbage-first heap   total 110592K, used 71086K [0x0000000080000000, 0x0000000100000000)
  region size 1024K, 3 young (3072K), 3 survivors (3072K)
 Metaspace       used 51991K, committed 53248K, reserved 1114112K
  class space    used 7174K, committed 7808K, reserved 1048576K
}
Event: 10.124 GC heap before
{Heap before GC invocations=16 (full 0):
 garbage-first heap   total 119808K, used 99758K [0x0000000080000000, 0x0000000100000000)
  region size 1024K, 31 young (31744K), 3 survivors (3072K)
 Metaspace       used 55574K, committed 57024K, reserved 1114112K
  class space    used 7794K, committed 8512K, reserved 1048576K
}
Event: 10.128 GC heap after
{Heap after GC invocations=17 (full 0):
 garbage-first heap   total 119808K, used 72079K [0x0000000080000000, 0x0000000100000000)
  region size 1024K, 4 young (4096K), 4 survivors (4096K)
 Metaspace       used 55574K, committed 57024K, reserved 1114112K
  class space    used 7794K, committed 8512K, reserved 1048576K
}

Dll operation events (3 events):
Event: 0.010 Loaded shared library C:\Program Files\Android\Android Studio\jbr\bin\java.dll
Event: 0.087 Loaded shared library C:\Program Files\Android\Android Studio\jbr\bin\zip.dll
Event: 1.053 Loaded shared library C:\Program Files\Android\Android Studio\jbr\bin\verify.dll

Deoptimization events (20 events):
Event: 9.613 Thread 0x000001ebc52a9760 Uncommon trap: trap_request=0xffffff45 fr.pc=0x000001ebb3248e2c relative=0x0000000000000a4c
Event: 9.613 Thread 0x000001ebc52a9760 Uncommon trap: reason=unstable_if action=reinterpret pc=0x000001ebb3248e2c method=org.objectweb.asm.Frame.push(I)V @ 26 c2
Event: 9.613 Thread 0x000001ebc52a9760 DEOPT PACKING pc=0x000001ebb3248e2c sp=0x0000005ce72f6600
Event: 9.613 Thread 0x000001ebc52a9760 DEOPT UNPACKING pc=0x000001ebb2a57da2 sp=0x0000005ce72f6508 mode 2
Event: 9.659 Thread 0x000001ebc52a9760 Uncommon trap: trap_request=0xffffff3d fr.pc=0x000001ebb3042888 relative=0x0000000000000c88
Event: 9.659 Thread 0x000001ebc52a9760 Uncommon trap: reason=unstable_fused_if action=reinterpret pc=0x000001ebb3042888 method=org.objectweb.asm.ByteVector.putUTF8(Ljava/lang/String;)Lorg/objectweb/asm/ByteVector; @ 93 c2
Event: 9.659 Thread 0x000001ebc52a9760 DEOPT PACKING pc=0x000001ebb3042888 sp=0x0000005ce72f5920
Event: 9.659 Thread 0x000001ebc52a9760 DEOPT UNPACKING pc=0x000001ebb2a57da2 sp=0x0000005ce72f5878 mode 2
Event: 10.005 Thread 0x000001ebc52a9760 Uncommon trap: trap_request=0xffffff45 fr.pc=0x000001ebb31d9abc relative=0x000000000000011c
Event: 10.005 Thread 0x000001ebc52a9760 Uncommon trap: reason=unstable_if action=reinterpret pc=0x000001ebb31d9abc method=java.util.Arrays.hashCode([Ljava/lang/Object;)I @ 34 c2
Event: 10.005 Thread 0x000001ebc52a9760 DEOPT PACKING pc=0x000001ebb31d9abc sp=0x0000005ce72f7780
Event: 10.005 Thread 0x000001ebc52a9760 DEOPT UNPACKING pc=0x000001ebb2a57da2 sp=0x0000005ce72f76f8 mode 2
Event: 10.034 Thread 0x000001ebc52a9760 Uncommon trap: trap_request=0xffffff45 fr.pc=0x000001ebb3073044 relative=0x00000000000000a4
Event: 10.034 Thread 0x000001ebc52a9760 Uncommon trap: reason=unstable_if action=reinterpret pc=0x000001ebb3073044 method=java.lang.ref.ReferenceQueue.poll()Ljava/lang/ref/Reference; @ 4 c2
Event: 10.034 Thread 0x000001ebc52a9760 DEOPT PACKING pc=0x000001ebb3073044 sp=0x0000005ce72f6040
Event: 10.034 Thread 0x000001ebc52a9760 DEOPT UNPACKING pc=0x000001ebb2a57da2 sp=0x0000005ce72f5f28 mode 2
Event: 10.354 Thread 0x000001ebc52a9760 Uncommon trap: trap_request=0xffffffde fr.pc=0x000001ebb310d688 relative=0x00000000000002c8
Event: 10.354 Thread 0x000001ebc52a9760 Uncommon trap: reason=class_check action=maybe_recompile pc=0x000001ebb310d688 method=java.util.Collections$SetFromMap.remove(Ljava/lang/Object;)Z @ 5 c2
Event: 10.354 Thread 0x000001ebc52a9760 DEOPT PACKING pc=0x000001ebb310d688 sp=0x0000005ce72f7e90
Event: 10.354 Thread 0x000001ebc52a9760 DEOPT UNPACKING pc=0x000001ebb2a57da2 sp=0x0000005ce72f7e78 mode 2

Classes loaded (20 events):
Event: 9.271 Loading class java/lang/invoke/BoundMethodHandle$Species_LLLLLLLLLLLLLLLLLLLLLLLLLLLL
Event: 9.271 Loading class java/lang/invoke/BoundMethodHandle$Species_LLLLLLLLLLLLLLLLLLLLLLLLLLLL done
Event: 9.273 Loading class java/lang/invoke/BoundMethodHandle$Species_LLLLLLLLLLLLLLLLLLLLLLLLLLLLL
Event: 9.273 Loading class java/lang/invoke/BoundMethodHandle$Species_LLLLLLLLLLLLLLLLLLLLLLLLLLLLL done
Event: 9.275 Loading class java/lang/invoke/BoundMethodHandle$Species_LLLLLLLLLLLLLLLLLLLLLLLLLLLLLL
Event: 9.275 Loading class java/lang/invoke/BoundMethodHandle$Species_LLLLLLLLLLLLLLLLLLLLLLLLLLLLLL done
Event: 9.286 Loading class java/lang/invoke/BoundMethodHandle$Species_LLLLLLLLLLLLLLLLLLLLLLLLLLLLLLL
Event: 9.286 Loading class java/lang/invoke/BoundMethodHandle$Species_LLLLLLLLLLLLLLLLLLLLLLLLLLLLLLL done
Event: 9.288 Loading class java/lang/invoke/BoundMethodHandle$Species_LLLLLLLLLLLLLLLLLLLLLLLLLLLLLLLL
Event: 9.288 Loading class java/lang/invoke/BoundMethodHandle$Species_LLLLLLLLLLLLLLLLLLLLLLLLLLLLLLLL done
Event: 10.010 Loading class java/util/PrimitiveIterator$OfInt
Event: 10.010 Loading class java/util/PrimitiveIterator
Event: 10.010 Loading class java/util/PrimitiveIterator done
Event: 10.010 Loading class java/util/PrimitiveIterator$OfInt done
Event: 10.020 Loading class java/util/concurrent/RecursiveAction
Event: 10.020 Loading class java/util/concurrent/RecursiveAction done
Event: 10.315 Loading class java/io/DeleteOnExitHook
Event: 10.315 Loading class java/io/DeleteOnExitHook done
Event: 10.315 Loading class java/io/DeleteOnExitHook$1
Event: 10.315 Loading class java/io/DeleteOnExitHook$1 done

Classes unloaded (0 events):
No events

Classes redefined (0 events):
No events

Internal exceptions (20 events):
Event: 9.724 Thread 0x000001ebc52a9760 Exception <a 'java/lang/NoSuchMethodError'{0x000000008d500800}: 'java.lang.Object java.lang.invoke.Invokers$Holder.linkToTargetMethod(java.lang.Object, java.lang.Object, java.lang.Object, int, java.lang.Object)'> (0x000000008d500800) 
thrown [s\src\hotspot\share\interpreter\linkResolver.cpp, line 784]
Event: 9.807 Thread 0x000001ebc52a9760 Exception <a 'java/lang/NoSuchMethodError'{0x000000008d3ecc28}: 'int java.lang.invoke.DirectMethodHandle$Holder.invokeInterface(java.lang.Object, java.lang.Object, java.lang.Object, java.lang.Object)'> (0x000000008d3ecc28) 
thrown [s\src\hotspot\share\interpreter\linkResolver.cpp, line 784]
Event: 9.878 Thread 0x000001ebc52a9760 Exception <a 'java/lang/NoSuchMethodError'{0x0000000085db5ae8}: 'java.lang.Object java.lang.invoke.Invokers$Holder.linkToTargetMethod(java.lang.Object, java.lang.Object, java.lang.Object, java.lang.Object, long, java.lang.Object, java.lang.Object)'> (0x0000000085db5ae8) 
thrown [s\src\hotspot\share\interpreter\linkResolver.cpp, line 784]
Event: 9.905 Thread 0x000001ebc52a9760 Exception <a 'java/lang/NoSuchMethodError'{0x0000000085dfb650}: 'java.lang.Object java.lang.invoke.DirectMethodHandle$Holder.newInvokeSpecial(java.lang.Object, java.lang.Object, java.lang.Object, long, java.lang.Object)'> (0x0000000085dfb650) 
thrown [s\src\hotspot\share\interpreter\linkResolver.cpp, line 784]
Event: 9.905 Thread 0x000001ebc52a9760 Exception <a 'java/lang/NoSuchMethodError'{0x0000000085c009f0}: 'java.lang.Object java.lang.invoke.DirectMethodHandle$Holder.invokeSpecial(java.lang.Object, java.lang.Object, java.lang.Object, java.lang.Object, long, java.lang.Object)'> (0x0000000085c009f0) 
thrown [s\src\hotspot\share\interpreter\linkResolver.cpp, line 784]
Event: 9.905 Thread 0x000001ebc52a9760 Exception <a 'java/lang/NoSuchMethodError'{0x0000000085c051d8}: 'java.lang.Object java.lang.invoke.Invokers$Holder.linkToTargetMethod(java.lang.Object, java.lang.Object, long, java.lang.Object, java.lang.Object)'> (0x0000000085c051d8) 
thrown [s\src\hotspot\share\interpreter\linkResolver.cpp, line 784]
Event: 9.957 Thread 0x000001ebc52a9760 Exception <a 'java/lang/NoSuchMethodError'{0x0000000085a67ff0}: 'java.lang.Object java.lang.invoke.DirectMethodHandle$Holder.newInvokeSpecial(java.lang.Object, java.lang.Object, java.lang.Object, java.lang.Object, java.lang.Object, java.lang.Object, java.lang.Object, java.lang.Object, java.lang.Object, java.lang.Object, java.lang.Object, java.lang.Object, java.lang.Object, java.lang.Object, java.lang.Object, java.lang.Object, java.lang.Object, java.lang.Object, java.lang.Object, java.lang.Object, java.lang
Event: 9.958 Thread 0x000001ebc52a9760 Exception <a 'java/lang/NoSuchMethodError'{0x0000000085a6fe30}: 'java.lang.Object java.lang.invoke.DirectMethodHandle$Holder.invokeSpecial(java.lang.Object, java.lang.Object, java.lang.Object, java.lang.Object, java.lang.Object, java.lang.Object, java.lang.Object, java.lang.Object, java.lang.Object, java.lang.Object, java.lang.Object, java.lang.Object, java.lang.Object, java.lang.Object, java.lang.Object, java.lang.Object, java.lang.Object, java.lang.Object, java.lang.Object, java.lang.Object, java.lang.Ob
Event: 9.958 Thread 0x000001ebc52a9760 Exception <a 'java/lang/NoSuchMethodError'{0x0000000085a76670}: 'java.lang.Object java.lang.invoke.DelegatingMethodHandle$Holder.reinvoke_L(java.lang.Object, java.lang.Object, java.lang.Object, java.lang.Object, java.lang.Object, java.lang.Object, java.lang.Object, java.lang.Object, java.lang.Object, java.lang.Object, java.lang.Object, java.lang.Object, java.lang.Object, java.lang.Object, java.lang.Object, java.lang.Object, java.lang.Object, java.lang.Object, java.lang.Object, java.lang.Object, java.lang.O
Event: 10.005 Thread 0x000001ebc52a9760 Implicit null exception at 0x000001ebb31d99ef to 0x000001ebb31d9aa0
Event: 10.028 Thread 0x000001ebc52a9760 Exception <a 'java/lang/ClassNotFoundException'{0x0000000085696ea8}: org/gradle/api/internal/artifacts/dsl/dependencies/DefaultDependencyHandler_DecoratedBeanInfo> (0x0000000085696ea8) 
thrown [s\src\hotspot\share\classfile\systemDictionary.cpp, line 312]
Event: 10.029 Thread 0x000001ebc52a9760 Exception <a 'java/lang/ClassNotFoundException'{0x00000000856acf68}: org/gradle/api/internal/artifacts/dsl/dependencies/DefaultDependencyHandlerBeanInfo> (0x00000000856acf68) 
thrown [s\src\hotspot\share\classfile\systemDictionary.cpp, line 312]
Event: 10.034 Thread 0x000001ebc52a9760 Exception <a 'java/lang/ClassNotFoundException'{0x00000000856c2fe8}: org/gradle/api/internal/artifacts/dsl/dependencies/DefaultDependencyHandlerCustomizer> (0x00000000856c2fe8) 
thrown [s\src\hotspot\share\classfile\systemDictionary.cpp, line 312]
Event: 10.040 Thread 0x000001ebc52a9760 Exception <a 'java/lang/ClassNotFoundException'{0x000000008550fbe8}: org/gradle/api/internal/artifacts/dsl/dependencies/DefaultDependencyHandler_DecoratedCustomizer> (0x000000008550fbe8) 
thrown [s\src\hotspot\share\classfile\systemDictionary.cpp, line 312]
Event: 10.044 Thread 0x000001ebc52a9760 Exception <a 'java/lang/ClassNotFoundException'{0x0000000085551140}: sync_studio_tooling1_8fpkoge5pn969hbf6ye4yp8i5$_run_closure1BeanInfo> (0x0000000085551140) 
thrown [s\src\hotspot\share\classfile\systemDictionary.cpp, line 312]
Event: 10.044 Thread 0x000001ebc52a9760 Exception <a 'java/lang/ClassNotFoundException'{0x0000000085559310}: sync_studio_tooling1_8fpkoge5pn969hbf6ye4yp8i5$_run_closure1Customizer> (0x0000000085559310) 
thrown [s\src\hotspot\share\classfile\systemDictionary.cpp, line 312]
Event: 10.100 Thread 0x000001ebc52a9760 Exception <a 'java/lang/NoSuchMethodError'{0x00000000852243a0}: 'java.lang.Object java.lang.invoke.DirectMethodHandle$Holder.newInvokeSpecial(java.lang.Object, int, java.lang.Object)'> (0x00000000852243a0) 
thrown [s\src\hotspot\share\interpreter\linkResolver.cpp, line 784]
Event: 10.275 Thread 0x000001ebc52a9760 Exception <a 'java/lang/NoSuchMethodError'{0x000000008d80dd68}: 'java.lang.Object java.lang.invoke.DirectMethodHandle$Holder.invokeSpecial(java.lang.Object, java.lang.Object, long, java.lang.Object, java.lang.Object)'> (0x000000008d80dd68) 
thrown [s\src\hotspot\share\interpreter\linkResolver.cpp, line 784]
Event: 10.295 Thread 0x000001ebc52a9760 Exception <a 'java/lang/NoSuchMethodError'{0x000000008d8e8078}: 'java.lang.Object java.lang.invoke.DirectMethodHandle$Holder.newInvokeSpecial(java.lang.Object, java.lang.Object, java.lang.Object, int, java.lang.Object)'> (0x000000008d8e8078) 
thrown [s\src\hotspot\share\interpreter\linkResolver.cpp, line 784]
Event: 10.295 Thread 0x000001ebc52a9760 Exception <a 'java/lang/NoSuchMethodError'{0x000000008d8ec7f0}: 'java.lang.Object java.lang.invoke.Invokers$Holder.linkToTargetMethod(java.lang.Object, java.lang.Object, int, java.lang.Object, java.lang.Object)'> (0x000000008d8ec7f0) 
thrown [s\src\hotspot\share\interpreter\linkResolver.cpp, line 784]

ZGC Phase Switch (0 events):
No events

VM Operations (20 events):
Event: 8.239 Executing VM operation: G1CollectForAllocation (G1 Evacuation Pause)
Event: 8.244 Executing VM operation: G1CollectForAllocation (G1 Evacuation Pause) done
Event: 8.674 Executing VM operation: G1CollectForAllocation (G1 Evacuation Pause)
Event: 8.683 Executing VM operation: G1CollectForAllocation (G1 Evacuation Pause) done
Event: 8.888 Executing VM operation: HandshakeAllThreads (Deoptimize)
Event: 8.888 Executing VM operation: HandshakeAllThreads (Deoptimize) done
Event: 9.358 Executing VM operation: G1CollectForAllocation (G1 Evacuation Pause)
Event: 9.365 Executing VM operation: G1CollectForAllocation (G1 Evacuation Pause) done
Event: 9.419 Executing VM operation: G1PauseRemark
Event: 9.434 Executing VM operation: G1PauseRemark done
Event: 9.455 Executing VM operation: G1PauseCleanup
Event: 9.455 Executing VM operation: G1PauseCleanup done
Event: 9.692 Executing VM operation: HandshakeAllThreads (Deoptimize)
Event: 9.692 Executing VM operation: HandshakeAllThreads (Deoptimize) done
Event: 9.805 Executing VM operation: HandshakeAllThreads (Deoptimize)
Event: 9.805 Executing VM operation: HandshakeAllThreads (Deoptimize) done
Event: 10.124 Executing VM operation: G1CollectForAllocation (G1 Evacuation Pause)
Event: 10.128 Executing VM operation: G1CollectForAllocation (G1 Evacuation Pause) done
Event: 10.224 Executing VM operation: HandshakeAllThreads (Deoptimize)
Event: 10.224 Executing VM operation: HandshakeAllThreads (Deoptimize) done

Memory protections (0 events):
No events

Nmethod flushes (20 events):
Event: 9.434 Thread 0x000001ebbf28d740 flushing  nmethod 0x000001ebab5a9e10
Event: 9.434 Thread 0x000001ebbf28d740 flushing  nmethod 0x000001ebab626490
Event: 9.434 Thread 0x000001ebbf28d740 flushing  nmethod 0x000001ebab64d490
Event: 9.434 Thread 0x000001ebbf28d740 flushing  nmethod 0x000001ebab64f590
Event: 9.434 Thread 0x000001ebbf28d740 flushing  nmethod 0x000001ebab6fdc10
Event: 9.434 Thread 0x000001ebbf28d740 flushing  nmethod 0x000001ebab71ef90
Event: 9.434 Thread 0x000001ebbf28d740 flushing  nmethod 0x000001ebab720690
Event: 9.434 Thread 0x000001ebbf28d740 flushing  nmethod 0x000001ebab745310
Event: 9.434 Thread 0x000001ebbf28d740 flushing  nmethod 0x000001ebab7abf90
Event: 9.434 Thread 0x000001ebbf28d740 flushing  nmethod 0x000001ebab7b0c90
Event: 9.434 Thread 0x000001ebbf28d740 flushing  nmethod 0x000001ebab7b4710
Event: 9.434 Thread 0x000001ebbf28d740 flushing  nmethod 0x000001ebab802990
Event: 9.434 Thread 0x000001ebbf28d740 flushing  nmethod 0x000001ebab86b390
Event: 9.434 Thread 0x000001ebbf28d740 flushing  nmethod 0x000001ebab8ac910
Event: 9.434 Thread 0x000001ebbf28d740 flushing  nmethod 0x000001ebab8fe510
Event: 9.434 Thread 0x000001ebbf28d740 flushing  nmethod 0x000001ebab961890
Event: 9.434 Thread 0x000001ebbf28d740 flushing  nmethod 0x000001ebab962b90
Event: 9.434 Thread 0x000001ebbf28d740 flushing  nmethod 0x000001ebab999f10
Event: 9.434 Thread 0x000001ebbf28d740 flushing  nmethod 0x000001ebab9c5110
Event: 9.434 Thread 0x000001ebbf28d740 flushing  nmethod 0x000001ebab9c6a10

Events (20 events):
Event: 3.645 Thread 0x000001ebc52a9760 Thread added: 0x000001ebc52a9df0
Event: 3.656 Thread 0x000001ebc52a9760 Thread added: 0x000001ebc52a90d0
Event: 4.283 Thread 0x000001ebc52a9760 Thread added: 0x000001ebc52aa480
Event: 4.293 Thread 0x000001ebc52a9760 Thread added: 0x000001ebc52aab10
Event: 4.341 Thread 0x000001ebc52a9760 Thread added: 0x000001ebc52ab1a0
Event: 4.437 Thread 0x000001ebbf3a6270 Thread added: 0x000001ebc5648610
Event: 5.813 Thread 0x000001ebc52a9760 Thread added: 0x000001ebc52abec0
Event: 5.827 Thread 0x000001ebc52a9760 Thread added: 0x000001ebc5f6eb70
Event: 6.100 Thread 0x000001ebc52a9760 Thread added: 0x000001ebc5f6b6f0
Event: 6.106 Thread 0x000001ebc52a9760 Thread added: 0x000001ebc5f6caa0
Event: 6.257 Thread 0x000001ebc52a9760 Thread added: 0x000001ebc5f6c410
Event: 6.257 Thread 0x000001ebc52a9760 Thread added: 0x000001ebc5f6bd80
Event: 6.257 Thread 0x000001ebc52a9760 Thread added: 0x000001ebc5f6de50
Event: 6.257 Thread 0x000001ebc52a9760 Thread added: 0x000001ebc5f6f200
Event: 7.148 Thread 0x000001ebc5648610 Thread exited: 0x000001ebc5648610
Event: 7.600 Thread 0x000001ebbf3a6270 Thread added: 0x000001ebc679e040
Event: 8.385 Thread 0x000001ebc52a9760 Thread added: 0x000001ebc5f6e4e0
Event: 8.423 Thread 0x000001ebc52a9760 Thread added: 0x000001ebc5f6d130
Event: 9.146 Thread 0x000001ebc52a9760 Thread added: 0x000001ebc5f6f890
Event: 9.218 Thread 0x000001ebc52a9760 Thread added: 0x000001ebc5f70c40


Dynamic libraries:
0x00007ff724310000 - 0x00007ff72431a000 	C:\Program Files\Android\Android Studio\jbr\bin\java.exe
0x00007fff29260000 - 0x00007fff294c0000 	C:\WINDOWS\SYSTEM32\ntdll.dll
0x00007fff284d0000 - 0x00007fff28597000 	C:\WINDOWS\System32\KERNEL32.DLL
0x00007fff26590000 - 0x00007fff2695a000 	C:\WINDOWS\System32\KERNELBASE.dll
0x00007fff26ad0000 - 0x00007fff26c1b000 	C:\WINDOWS\System32\ucrtbase.dll
0x00007fff06fb0000 - 0x00007fff06fc8000 	C:\Program Files\Android\Android Studio\jbr\bin\jli.dll
0x00007fff27dc0000 - 0x00007fff27f8c000 	C:\WINDOWS\System32\USER32.dll
0x00007fff27030000 - 0x00007fff27057000 	C:\WINDOWS\System32\win32u.dll
0x00007fff270d0000 - 0x00007fff270fa000 	C:\WINDOWS\System32\GDI32.dll
0x00007fff26d70000 - 0x00007fff26ea1000 	C:\WINDOWS\System32\gdi32full.dll
0x00007fff26440000 - 0x00007fff264e3000 	C:\WINDOWS\System32\msvcp_win.dll
0x00007fff141d0000 - 0x00007fff141eb000 	C:\Program Files\Android\Android Studio\jbr\bin\VCRUNTIME140.dll
0x00007fff0a620000 - 0x00007fff0a8b9000 	C:\WINDOWS\WinSxS\amd64_microsoft.windows.common-controls_6595b64144ccf1df_6.0.26100.3575_none_3e0d5430e32ff727\COMCTL32.dll
0x00007fff28630000 - 0x00007fff286d9000 	C:\WINDOWS\System32\msvcrt.dll
0x00007fff28130000 - 0x00007fff2815f000 	C:\WINDOWS\System32\IMM32.DLL
0x00007fff1e340000 - 0x00007fff1e34c000 	C:\Program Files\Android\Android Studio\jbr\bin\vcruntime140_1.dll
0x00007ffee1410000 - 0x00007ffee149d000 	C:\Program Files\Android\Android Studio\jbr\bin\msvcp140.dll
0x00007ffe98240000 - 0x00007ffe98ed6000 	C:\Program Files\Android\Android Studio\jbr\bin\server\jvm.dll
0x00007fff27130000 - 0x00007fff271e2000 	C:\WINDOWS\System32\ADVAPI32.dll
0x00007fff289c0000 - 0x00007fff28a66000 	C:\WINDOWS\System32\sechost.dll
0x00007fff28a70000 - 0x00007fff28b86000 	C:\WINDOWS\System32\RPCRT4.dll
0x00007fff283a0000 - 0x00007fff28414000 	C:\WINDOWS\System32\WS2_32.dll
0x00007fff262c0000 - 0x00007fff2631e000 	C:\WINDOWS\SYSTEM32\POWRPROF.dll
0x00007fff1c070000 - 0x00007fff1c0a6000 	C:\WINDOWS\SYSTEM32\WINMM.dll
0x00007fff12f10000 - 0x00007fff12f1b000 	C:\WINDOWS\SYSTEM32\VERSION.dll
0x00007fff262a0000 - 0x00007fff262b4000 	C:\WINDOWS\SYSTEM32\UMPDC.dll
0x00007fff25250000 - 0x00007fff2526a000 	C:\WINDOWS\SYSTEM32\kernel.appcore.dll
0x00007fff1e2e0000 - 0x00007fff1e2ea000 	C:\Program Files\Android\Android Studio\jbr\bin\jimage.dll
0x00007fff23dc0000 - 0x00007fff24001000 	C:\WINDOWS\SYSTEM32\DBGHELP.DLL
0x00007fff28be0000 - 0x00007fff28f63000 	C:\WINDOWS\System32\combase.dll
0x00007fff28170000 - 0x00007fff28246000 	C:\WINDOWS\System32\OLEAUT32.dll
0x00007ffefe9c0000 - 0x00007ffefe9f9000 	C:\WINDOWS\SYSTEM32\dbgcore.DLL
0x00007fff264f0000 - 0x00007fff26589000 	C:\WINDOWS\System32\bcryptPrimitives.dll
0x00007fff08f50000 - 0x00007fff08f5e000 	C:\Program Files\Android\Android Studio\jbr\bin\instrument.dll
0x00007fff0dce0000 - 0x00007fff0dd00000 	C:\Program Files\Android\Android Studio\jbr\bin\java.dll
0x00007fff098a0000 - 0x00007fff098b8000 	C:\Program Files\Android\Android Studio\jbr\bin\zip.dll
0x00007fff27200000 - 0x00007fff27929000 	C:\WINDOWS\System32\SHELL32.dll
0x00007fff26960000 - 0x00007fff26ac8000 	C:\WINDOWS\System32\wintypes.dll
0x00007fff240b0000 - 0x00007fff24903000 	C:\WINDOWS\SYSTEM32\windows.storage.dll
0x00007fff28fd0000 - 0x00007fff290bd000 	C:\WINDOWS\System32\SHCORE.dll
0x00007fff27060000 - 0x00007fff270c5000 	C:\WINDOWS\System32\shlwapi.dll
0x00007fff26350000 - 0x00007fff2637f000 	C:\WINDOWS\SYSTEM32\profapi.dll
0x00007fff141c0000 - 0x00007fff141d0000 	C:\Program Files\Android\Android Studio\jbr\bin\net.dll
0x00007fff14680000 - 0x00007fff1479e000 	C:\WINDOWS\SYSTEM32\WINHTTP.dll
0x00007fff25770000 - 0x00007fff257da000 	C:\WINDOWS\system32\mswsock.dll
0x00007fff09860000 - 0x00007fff09876000 	C:\Program Files\Android\Android Studio\jbr\bin\nio.dll
0x00007fff08f60000 - 0x00007fff08f70000 	C:\Program Files\Android\Android Studio\jbr\bin\verify.dll
0x00007ffee3d50000 - 0x00007ffee3d77000 	C:\Users\ASUS\.gradle\native\1def1411415f61bf3af743bc5b6707747c0891f09f0c88961ee8f79bc544acac\windows-amd64\native-platform.dll
0x00007ffecace0000 - 0x00007ffecad58000 	C:\Users\ASUS\.gradle\native\0.2.7\x86_64-windows-gnu\gradle-fileevents.dll
0x00007fff0a990000 - 0x00007fff0a999000 	C:\Program Files\Android\Android Studio\jbr\bin\management.dll
0x00007fff0a3e0000 - 0x00007fff0a3eb000 	C:\Program Files\Android\Android Studio\jbr\bin\management_ext.dll
0x00007fff28b90000 - 0x00007fff28b98000 	C:\WINDOWS\System32\PSAPI.DLL
0x00007fff24ce0000 - 0x00007fff24d13000 	C:\WINDOWS\SYSTEM32\IPHLPAPI.DLL
0x00007fff27100000 - 0x00007fff2710a000 	C:\WINDOWS\System32\NSI.dll
0x00007fff0da40000 - 0x00007fff0da49000 	C:\Program Files\Android\Android Studio\jbr\bin\extnet.dll
0x00007fff25a10000 - 0x00007fff25a2c000 	C:\WINDOWS\SYSTEM32\CRYPTSP.dll
0x00007fff251b0000 - 0x00007fff251ea000 	C:\WINDOWS\system32\rsaenh.dll
0x00007fff25810000 - 0x00007fff2583b000 	C:\WINDOWS\SYSTEM32\USERENV.dll
0x00007fff25c50000 - 0x00007fff25c76000 	C:\WINDOWS\SYSTEM32\bcrypt.dll
0x00007fff25a30000 - 0x00007fff25a3c000 	C:\WINDOWS\SYSTEM32\CRYPTBASE.dll
0x00007ffec9120000 - 0x00007ffec9128000 	C:\WINDOWS\system32\wshunix.dll

JVMTI agents:
C:\Users\ASUS\.gradle\wrapper\dists\gradle-8.14-bin\38aieal9i53h9rfe7vjup95b9\gradle-8.14\lib\agents\gradle-instrumentation-agent-8.14.jar path:C:\Program Files\Android\Android Studio\jbr\bin\instrument.dll, loaded, initialized, instrumentlib options:none

dbghelp: loaded successfully - version: 4.0.5 - missing functions: none
symbol engine: initialized successfully - sym options: 0x614 - pdb path: .;C:\Program Files\Android\Android Studio\jbr\bin;C:\WINDOWS\SYSTEM32;C:\WINDOWS\WinSxS\amd64_microsoft.windows.common-controls_6595b64144ccf1df_6.0.26100.3575_none_3e0d5430e32ff727;C:\Program Files\Android\Android Studio\jbr\bin\server;C:\Users\ASUS\.gradle\native\1def1411415f61bf3af743bc5b6707747c0891f09f0c88961ee8f79bc544acac\windows-amd64;C:\Users\ASUS\.gradle\native\0.2.7\x86_64-windows-gnu

VM Arguments:
jvm_args: --add-opens=java.base/java.lang=ALL-UNNAMED --add-opens=java.base/java.lang.invoke=ALL-UNNAMED --add-opens=java.base/java.util=ALL-UNNAMED --add-opens=java.prefs/java.util.prefs=ALL-UNNAMED --add-exports=jdk.compiler/com.sun.tools.javac.api=ALL-UNNAMED --add-exports=jdk.compiler/com.sun.tools.javac.util=ALL-UNNAMED --add-opens=java.base/java.util=ALL-UNNAMED --add-opens=java.prefs/java.util.prefs=ALL-UNNAMED --add-opens=java.base/java.nio.charset=ALL-UNNAMED --add-opens=java.base/java.net=ALL-UNNAMED --add-opens=java.base/java.util.concurrent.atomic=ALL-UNNAMED --add-opens=java.xml/javax.xml.namespace=ALL-UNNAMED -Xmx2048m -Dfile.encoding=UTF-8 -Duser.country=US -Duser.language=en -Duser.variant -javaagent:C:\Users\ASUS\.gradle\wrapper\dists\gradle-8.14-bin\38aieal9i53h9rfe7vjup95b9\gradle-8.14\lib\agents\gradle-instrumentation-agent-8.14.jar 
java_command: org.gradle.launcher.daemon.bootstrap.GradleDaemon 8.14
java_class_path (initial): C:\Users\ASUS\.gradle\wrapper\dists\gradle-8.14-bin\38aieal9i53h9rfe7vjup95b9\gradle-8.14\lib\gradle-daemon-main-8.14.jar
Launcher Type: SUN_STANDARD

[Global flags]
     intx CICompilerCount                          = 3                                         {product} {ergonomic}
     uint ConcGCThreads                            = 1                                         {product} {ergonomic}
     uint G1ConcRefinementThreads                  = 4                                         {product} {ergonomic}
   size_t G1HeapRegionSize                         = 1048576                                   {product} {ergonomic}
    uintx GCDrainStackTargetSize                   = 64                                        {product} {ergonomic}
   size_t InitialHeapSize                          = 331350016                                 {product} {ergonomic}
   size_t MarkStackSize                            = 4194304                                   {product} {ergonomic}
   size_t MaxHeapSize                              = 2147483648                                {product} {command line}
   size_t MaxNewSize                               = 1287651328                                {product} {ergonomic}
   size_t MinHeapDeltaBytes                        = 1048576                                   {product} {ergonomic}
   size_t MinHeapSize                              = 8388608                                   {product} {ergonomic}
    uintx NonNMethodCodeHeapSize                   = 5832780                                {pd product} {ergonomic}
    uintx NonProfiledCodeHeapSize                  = 122912730                              {pd product} {ergonomic}
    uintx ProfiledCodeHeapSize                     = 122912730                              {pd product} {ergonomic}
    uintx ReservedCodeCacheSize                    = 251658240                              {pd product} {ergonomic}
     bool SegmentedCodeCache                       = true                                      {product} {ergonomic}
   size_t SoftMaxHeapSize                          = 2147483648                             {manageable} {ergonomic}
     bool UseCompressedOops                        = true                           {product lp64_product} {ergonomic}
     bool UseG1GC                                  = true                                      {product} {ergonomic}
     bool UseLargePagesIndividualAllocation        = false                                  {pd product} {ergonomic}

Logging:
Log output configuration:
 #0: stdout all=warning uptime,level,tags foldmultilines=false
 #1: stderr all=off uptime,level,tags foldmultilines=false

Environment Variables:
CLASSPATH=C:\Program Files (x86)\Java\jdk1.7.0_51\bin;C:\Program Files (x86)\Java\jre7\bin;
PATH=C:\Program Files\Common Files\Oracle\Java\javapath;C:\WINDOWS\system32;C:\WINDOWS;C:\WINDOWS\System32\Wbem;C:\WINDOWS\System32\WindowsPowerShell\v1.0\;C:\WINDOWS\System32\OpenSSH\;C:\Program Files\dotnet\;C:\Program Files\nodejs\;C:\Program Files\Git\cmd;C:\Program Files\Cloudflare\Cloudflare WARP\;C:\Program Files\MySQL\MySQL Shell 8.0\bin\;C:\Users\ASUS\AppData\Local\Microsoft\WindowsApps;D:\Microsoft VS Code\bin;C:\MinGW\bin;C:\Program Files\Java\jdk-20\bin;"C:\Users\ASUS\Downloads\flutter_windows_3.13.7-stable.zip\flutter\bin;";C:\Users\ASUS\AppData\Roaming\npm;C:\Program Files\JetBrains\IntelliJ IDEA Community Edition 2023.3.5\bin;;D:\cursor\resources\app\bin;D:\Antigravity\bin
USERNAME=ASUS
OS=Windows_NT
PROCESSOR_IDENTIFIER=Intel64 Family 6 Model 140 Stepping 1, GenuineIntel
TMP=C:\Users\ASUS\AppData\Local\Temp
TEMP=C:\Users\ASUS\AppData\Local\Temp




Periodic native trim disabled

JNI global refs:
JNI global refs: 25, weak refs: 0

JNI global refs memory usage: 835, weak refs: 201

Process memory usage:
Resident Set Size: 309600K (1% of 20658660K total physical memory with 1757812K free physical memory)

OOME stack traces (most recent first):
Classloader memory used:
Loader org.gradle.internal.classloader.VisitableURLClassLoader                         : 26472K
Loader bootstrap                                                                       : 22377K
Loader org.gradle.initialization.MixInLegacyTypesClassLoader                           : 6317K
Loader org.gradle.internal.classloader.VisitableURLClassLoader                         : 766K
Loader jdk.internal.loader.ClassLoaders$PlatformClassLoader                            : 503K
Loader jdk.internal.loader.ClassLoaders$AppClassLoader                                 : 236K
Loader jdk.internal.reflect.DelegatingClassLoader                                      : 182K
Loader org.gradle.groovy.scripts.internal.DefaultScriptCompilationHandler$ScriptClassLoader: 37680B
Loader org.codehaus.groovy.runtime.callsite.CallSiteClassLoader                        : 7232B

Classes loaded by more than one classloader:
Class org.gradle.internal.IoActions                                                   : loaded 3 times (x 71B)
Class org.gradle.api.Action                                                           : loaded 3 times (x 70B)
Class org.gradle.api.GradleException                                                  : loaded 3 times (x 82B)
Class org.gradle.api.UncheckedIOException                                             : loaded 3 times (x 82B)
Class org.gradle.internal.operations.MultipleBuildOperationFailures                   : loaded 2 times (x 95B)
Class org.gradle.internal.classloader.DefaultClassLoaderFactory                       : loaded 2 times (x 82B)
Class kotlin.collections.AbstractList$Companion                                       : loaded 2 times (x 71B)
Class org.gradle.internal.classloader.ClassLoaderVisitor                              : loaded 2 times (x 76B)
Class org.gradle.api.internal.classpath.EffectiveClassPath                            : loaded 2 times (x 90B)
Class org.gradle.api.internal.DefaultClassPathProvider                                : loaded 2 times (x 76B)
Class [Lorg.gradle.api.internal.ClassPathProvider;                                    : loaded 2 times (x 69B)
Class org.gradle.api.internal.ClassPathProvider                                       : loaded 2 times (x 70B)
Class org.gradle.internal.service.UnknownServiceException                             : loaded 2 times (x 83B)
Class org.gradle.internal.classpath.TransformedClassPath                              : loaded 2 times (x 96B)
Class org.gradle.internal.classloader.InstrumentingClassLoader                        : loaded 2 times (x 70B)
Class kotlin.enums.EnumEntriesList                                                    : loaded 2 times (x 223B)
Class org.gradle.internal.service.ServiceLocator                                      : loaded 2 times (x 70B)
Class org.gradle.internal.InternalTransformer                                         : loaded 2 times (x 70B)
Class org.gradle.internal.time.DefaultTimer                                           : loaded 2 times (x 80B)
Class org.gradle.internal.classloader.ClasspathUtil$1                                 : loaded 2 times (x 76B)
Class org.gradle.api.internal.classpath.DefaultModuleRegistry$DefaultModule           : loaded 2 times (x 86B)
Class org.gradle.internal.time.DefaultCountdownTimer                                  : loaded 2 times (x 88B)
Class kotlin.Function                                                                 : loaded 2 times (x 70B)
Class org.gradle.api.internal.classpath.Module                                        : loaded 2 times (x 70B)
Class org.gradle.api.internal.classpath.UnknownModuleException                        : loaded 2 times (x 82B)
Class org.gradle.api.internal.DefaultClassPathRegistry                                : loaded 2 times (x 76B)
Class org.gradle.api.internal.ClassPathRegistry                                       : loaded 2 times (x 70B)
Class org.gradle.internal.classpath.DefaultClassPath$ImmutableUniqueList              : loaded 2 times (x 199B)
Class org.gradle.api.internal.classpath.ManifestUtil                                  : loaded 2 times (x 71B)
Class org.gradle.internal.classloader.ClassLoaderHierarchy                            : loaded 2 times (x 70B)
Class kotlin.UninitializedPropertyAccessException                                     : loaded 2 times (x 82B)
Class org.gradle.internal.installation.GradleInstallation$1                           : loaded 2 times (x 75B)
Class org.gradle.api.internal.classpath.ModuleRegistry                                : loaded 2 times (x 70B)
Class org.gradle.api.internal.classpath.DefaultModuleRegistry                         : loaded 2 times (x 86B)
Class org.gradle.util.internal.DefaultGradleVersion$Stage                             : loaded 2 times (x 75B)
Class org.gradle.internal.time.MonotonicClock                                         : loaded 2 times (x 77B)
Class org.gradle.internal.service.ServiceLookupException                              : loaded 2 times (x 82B)
Class org.gradle.internal.classloader.ClassLoaderFactory                              : loaded 2 times (x 70B)
Class org.gradle.internal.service.CachingServiceLocator                               : loaded 2 times (x 82B)
Class org.gradle.internal.time.TimeSource                                             : loaded 2 times (x 70B)
Class kotlin.enums.EnumEntries                                                        : loaded 2 times (x 70B)
Class org.gradle.internal.exceptions.ResolutionProvider                               : loaded 2 times (x 70B)
Class org.gradle.internal.classloader.ClasspathUtil                                   : loaded 2 times (x 71B)
Class org.gradle.internal.time.TimeSource$1                                           : loaded 2 times (x 77B)
Class org.gradle.api.specs.Spec                                                       : loaded 2 times (x 70B)
Class org.gradle.internal.time.Clock                                                  : loaded 2 times (x 70B)
Class kotlin.collections.AbstractList                                                 : loaded 2 times (x 197B)
Class kotlin.collections.AbstractCollection                                           : loaded 2 times (x 117B)
Class org.gradle.internal.classloader.VisitableURLClassLoader$InstrumentingVisitableURLClassLoader: loaded 2 times (x 123B)
Class org.gradle.internal.classloader.VisitableURLClassLoader$Spec                    : loaded 2 times (x 74B)
Class org.gradle.internal.classpath.DefaultClassPath                                  : loaded 2 times (x 90B)
Class org.gradle.util.internal.DefaultGradleVersion                                   : loaded 2 times (x 80B)
Class org.gradle.internal.classloader.ClassLoaderSpec                                 : loaded 2 times (x 71B)
Class org.gradle.internal.classloader.VisitableURLClassLoader                         : loaded 2 times (x 117B)
Class org.gradle.internal.classloader.FilteringClassLoader                            : loaded 2 times (x 105B)
Class org.gradle.internal.Cast                                                        : loaded 2 times (x 71B)
Class kotlin.jvm.functions.Function1                                                  : loaded 2 times (x 70B)
Class org.gradle.internal.classpath.DefaultClassPath$ImmutableUniqueList$Builder      : loaded 2 times (x 75B)
Class org.gradle.internal.classpath.ClassPath                                         : loaded 2 times (x 70B)
Class org.gradle.internal.exceptions.NonGradleCauseExceptionsHolder                   : loaded 2 times (x 70B)
Class kotlin.NotImplementedError                                                      : loaded 2 times (x 82B)
Class kotlin.enums.EnumEntriesKt                                                      : loaded 2 times (x 71B)
Class org.gradle.internal.classloader.SystemClassLoaderSpec                           : loaded 2 times (x 71B)
Class org.gradle.internal.exceptions.MultiCauseException                              : loaded 2 times (x 70B)
Class org.gradle.internal.time.CountdownTimer                                         : loaded 2 times (x 70B)
Class kotlin.jvm.internal.Intrinsics                                                  : loaded 2 times (x 71B)
Class org.gradle.tooling.model.ProjectModel                                           : loaded 2 times (x 70B)
Class kotlin.KotlinNullPointerException                                               : loaded 2 times (x 83B)
Class org.gradle.internal.exceptions.DefaultMultiCauseException                       : loaded 2 times (x 95B)
Class org.gradle.internal.time.Time                                                   : loaded 2 times (x 71B)
Class org.gradle.api.internal.classpath.GlobalCacheRootsProvider                      : loaded 2 times (x 70B)
Class org.gradle.internal.time.Timer                                                  : loaded 2 times (x 70B)
Class kotlin.jvm.internal.markers.KMappedMarker                                       : loaded 2 times (x 70B)
Class org.gradle.internal.installation.CurrentGradleInstallationLocator               : loaded 2 times (x 71B)
Class org.gradle.internal.service.DefaultServiceLocator                               : loaded 2 times (x 83B)
Class org.gradle.util.GradleVersion                                                   : loaded 2 times (x 79B)
Class org.gradle.internal.installation.CurrentGradleInstallation                      : loaded 2 times (x 73B)
Class org.gradle.util.internal.GUtil                                                  : loaded 2 times (x 71B)
Class org.gradle.internal.installation.GradleInstallation                             : loaded 2 times (x 75B)

---------------  S Y S T E M  ---------------

OS:
 Windows 11 , 64 bit Build 26100 (10.0.26100.3575)
OS uptime: 5 days 8:00 hours
Hyper-V role detected

CPU: total 4 (initial active 4) (2 cores per cpu, 2 threads per core) family 6 model 140 stepping 1 microcode 0xb6, cx8, cmov, fxsr, ht, mmx, 3dnowpref, sse, sse2, sse3, ssse3, sse4.1, sse4.2, popcnt, lzcnt, tsc, tscinvbit, avx, avx2, aes, erms, clmul, bmi1, bmi2, adx, avx512f, avx512dq, avx512cd, avx512bw, avx512vl, sha, fma, vzeroupper, avx512_vpopcntdq, avx512_vpclmulqdq, avx512_vaes, avx512_vnni, clflush, clflushopt, clwb, avx512_vbmi2, avx512_vbmi, hv, rdtscp, rdpid, fsrm, gfni, avx512_bitalg, f16c, cet_ibt, cet_ss, avx512_ifma
Processor Information for the first 4 processors :
  Max Mhz: 2995, Current Mhz: 2995, Mhz Limit: 2995

Memory: 4k page, system-wide physical 20174M (1734M free)
TotalPageFile size 28366M (AvailPageFile size 23M)
current process WorkingSet (physical memory assigned to process): 302M, peak: 302M
current process commit charge ("private bytes"): 329M, peak: 436M

vm_info: OpenJDK 64-Bit Server VM (21.0.8+-14196175-b1038.72) for windows-amd64 JRE (21.0.8+-14196175-b1038.72), built on 2025-10-01T10:24:33Z by "builder" with MS VC++ 16.10 / 16.11 (VS2019)

END.
